data,servico,sentido,id_veiculo,datetime_partida,datetime_chegada,extensao,datetime_partida_gabarito,datetime_chegada_gabarito
2023-01-02,010,I,A72037,2023-01-02 06:07:57,2023-01-02 06:19:58,5.505,2023-01-02 06:07:00,2023-01-02 06:22:00
2023-01-02,010,V,A72037,2023-01-02 06:32:00,2023-01-02 06:43:21,4.902,2023-01-02 06:29:00,2023-01-02 06:56:00
2023-01-02,010,I,A72085,2023-01-02 06:35:11,2023-01-02 06:47:51,5.505,2023-01-02 06:33:00,2023-01-02 06:52:00
2023-01-02,010,I,A72037,2023-01-02 07:00:04,2023-01-02 07:13:44,5.505,2023-01-02 06:58:00,2023-01-02 07:16:00
2023-01-02,010,V,A72085,2023-01-02 07:05:29,2023-01-02 07:21:50,4.902,2023-01-02 07:03:00,2023-01-02 07:29:00
2023-01-02,010,V,A72037,2023-01-02 07:31:27,2023-01-02 07:47:47,4.902,2023-01-02 07:28:00,2023-01-02 07:58:00
2023-01-02,010,I,A72085,2023-01-02 07:33:10,2023-01-02 07:50:11,5.505,2023-01-02 07:31:00,2023-01-02 07:54:00
2023-01-02,010,I,A72037,2023-01-02 08:03:43,2023-01-02 08:22:04,5.505,2023-01-02 08:02:00,2023-01-02 08:24:00
2023-01-02,010,V,A72085,2023-01-02 08:05:45,2023-01-02 08:25:06,4.902,2023-01-02 08:02:00,2023-01-02 08:30:00
2023-01-02,010,I,A72085,2023-01-02 08:33:06,2023-01-02 08:52:47,5.505,2023-01-02 08:31:00,2023-01-02 08:54:00
2023-01-02,010,V,A72037,2023-01-02 08:34:25,2023-01-02 08:49:45,4.902,2023-01-02 08:31:00,2023-01-02 09:02:00
2023-01-02,010,V,A72085,2023-01-02 09:06:17,2023-01-02 09:21:18,4.902,2023-01-02 09:03:00,2023-01-02 09:31:00
2023-01-02,010,I,A72037,2023-01-02 09:07:13,2023-01-02 09:29:14,5.505,2023-01-02 09:05:00,2023-01-02 09:33:00
2023-01-02,010,V,A72037,2023-01-02 09:37:34,2023-01-02 09:51:55,4.902,2023-01-02 09:34:00,2023-01-02 10:01:00
2023-01-02,010,I,A72085,2023-01-02 09:37:58,2023-01-02 09:56:39,5.505,2023-01-02 09:36:00,2023-01-02 09:58:00
2023-01-02,010,V,A72085,2023-01-02 10:03:59,2023-01-02 10:20:40,4.902,2023-01-02 10:00:00,2023-01-02 10:27:00
2023-01-02,010,I,A72037,2023-01-02 10:05:17,2023-01-02 10:24:38,5.505,2023-01-02 10:03:00,2023-01-02 10:26:00
2023-01-02,010,V,A72037,2023-01-02 10:33:58,2023-01-02 10:49:39,4.902,2023-01-02 10:30:00,2023-01-02 10:57:00
2023-01-02,010,I,A72085,2023-01-02 10:34:20,2023-01-02 10:52:21,5.505,2023-01-02 10:32:00,2023-01-02 10:54:00
2023-01-02,010,I,A72037,2023-01-02 11:01:03,2023-01-02 11:20:44,5.505,2023-01-02 10:58:00,2023-01-02 11:22:00
2023-01-02,010,V,A72085,2023-01-02 11:05:23,2023-01-02 11:18:43,4.902,2023-01-02 11:02:00,2023-01-02 11:29:00
2023-01-02,010,V,A72037,2023-01-02 11:33:07,2023-01-02 11:46:47,4.902,2023-01-02 11:29:00,2023-01-02 11:57:00
2023-01-02,010,I,A72085,2023-01-02 11:34:40,2023-01-02 11:58:00,5.505,2023-01-02 11:33:00,2023-01-02 12:00:00
2023-01-02,010,I,A72037,2023-01-02 12:02:48,2023-01-02 12:20:08,5.505,2023-01-02 11:59:00,2023-01-02 12:22:00
2023-01-02,010,V,A72085,2023-01-02 12:09:37,2023-01-02 12:21:17,4.902,2023-01-02 12:06:00,2023-01-02 12:31:00
2023-01-02,010,V,A72037,2023-01-02 12:37:51,2023-01-02 12:51:11,4.902,2023-01-02 12:33:00,2023-01-02 12:57:00
2023-01-02,010,I,A72085,2023-01-02 12:39:38,2023-01-02 12:58:18,5.505,2023-01-02 12:38:00,2023-01-02 13:00:00
2023-01-02,010,I,A72037,2023-01-02 13:01:52,2023-01-02 13:20:32,5.505,2023-01-02 12:59:00,2023-01-02 13:23:00
2023-01-02,010,V,A72085,2023-01-02 13:09:55,2023-01-02 13:24:15,4.902,2023-01-02 13:06:00,2023-01-02 13:29:00
2023-01-02,010,V,A72037,2023-01-02 13:33:48,2023-01-02 13:44:49,4.902,2023-01-02 13:30:00,2023-01-02 14:01:00
2023-01-02,010,I,A72085,2023-01-02 13:34:51,2023-01-02 13:54:52,5.505,2023-01-02 13:32:00,2023-01-02 13:57:00
2023-01-02,010,I,A72037,2023-01-02 14:06:10,2023-01-02 14:28:51,5.505,2023-01-02 14:04:00,2023-01-02 14:33:00
2023-01-02,010,V,A72085,2023-01-02 14:08:17,2023-01-02 14:20:58,4.902,2023-01-02 14:05:00,2023-01-02 14:31:00
2023-01-02,010,I,A72085,2023-01-02 14:36:33,2023-01-02 14:52:34,5.505,2023-01-02 14:34:00,2023-01-02 14:55:00
2023-01-02,010,V,A72037,2023-01-02 14:38:51,2023-01-02 14:54:51,4.902,2023-01-02 14:34:00,2023-01-02 15:01:00
2023-01-02,010,I,A72037,2023-01-02 15:04:25,2023-01-02 15:26:46,5.505,2023-01-02 15:02:00,2023-01-02 15:31:00
2023-01-02,010,V,A72085,2023-01-02 15:08:04,2023-01-02 15:19:05,4.902,2023-01-02 15:06:00,2023-01-02 15:31:00
2023-01-02,010,I,A72085,2023-01-02 15:35:25,2023-01-02 15:56:46,5.505,2023-01-02 15:34:00,2023-01-02 16:00:00
2023-01-02,010,V,A72037,2023-01-02 15:36:26,2023-01-02 15:48:47,4.902,2023-01-02 15:32:00,2023-01-02 15:54:00
2023-01-02,010,I,A72037,2023-01-02 15:57:13,2023-01-02 16:16:33,5.505,2023-01-02 15:55:00,2023-01-02 16:20:00
2023-01-02,010,V,A72085,2023-01-02 16:10:31,2023-01-02 16:24:11,4.902,2023-01-02 16:06:00,2023-01-02 16:31:00
2023-01-02,010,V,A72037,2023-01-02 16:29:58,2023-01-02 16:47:39,4.902,2023-01-02 16:28:00,2023-01-02 16:59:00
2023-01-02,010,I,A72085,2023-01-02 16:35:59,2023-01-02 16:56:40,5.505,2023-01-02 16:34:00,2023-01-02 16:59:00
2023-01-02,010,I,A72037,2023-01-02 17:06:04,2023-01-02 17:21:05,5.505,2023-01-02 17:02:00,2023-01-02 17:23:00
2023-01-02,010,V,A72085,2023-01-02 17:14:19,2023-01-02 17:27:20,4.902,2023-01-02 17:12:00,2023-01-02 17:34:00
2023-01-02,010,V,A72037,2023-01-02 17:30:25,2023-01-02 17:46:26,4.902,2023-01-02 17:27:00,2023-01-02 17:57:00
2023-01-02,010,I,A72085,2023-01-02 17:41:27,2023-01-02 17:56:48,5.505,2023-01-02 17:40:00,2023-01-02 17:59:00
2023-01-02,010,I,A72037,2023-01-02 18:04:26,2023-01-02 18:25:07,5.505,2023-01-02 18:02:00,2023-01-02 18:27:00
2023-01-02,010,V,A72085,2023-01-02 18:08:17,2023-01-02 18:23:18,4.902,2023-01-02 18:05:00,2023-01-02 18:33:00
2023-01-02,010,V,A72037,2023-01-02 18:34:09,2023-01-02 18:46:50,4.902,2023-01-02 18:31:00,2023-01-02 18:53:00
2023-01-02,010,I,A72085,2023-01-02 18:38:22,2023-01-02 18:55:22,5.505,2023-01-02 18:36:00,2023-01-02 18:57:00
2023-01-02,010,I,A72037,2023-01-02 18:58:29,2023-01-02 19:16:50,5.505,2023-01-02 18:56:00,2023-01-02 19:19:00
2023-01-02,010,V,A72085,2023-01-02 19:12:03,2023-01-02 19:24:04,4.902,2023-01-02 19:08:00,2023-01-02 19:32:00
2023-01-02,010,V,A72037,2023-01-02 19:27:24,2023-01-02 19:50:25,4.902,2023-01-02 19:24:00,2023-01-02 20:02:00
2023-01-02,010,I,A72085,2023-01-02 19:36:55,2023-01-02 19:52:36,5.505,2023-01-02 19:35:00,2023-01-02 19:55:00
2023-01-02,010,I,A72037,2023-01-02 20:05:26,2023-01-02 20:24:26,5.505,2023-01-02 20:03:00,2023-01-02 20:27:00
2023-01-02,010,V,A72085,2023-01-02 20:10:48,2023-01-02 20:22:49,4.902,,
2023-01-02,010,V,A72037,2023-01-02 20:32:07,2023-01-02 20:46:27,4.902,,
2023-01-03,010,I,A72037,2023-01-03 06:05:09,2023-01-03 06:17:49,5.505,2023-01-03 06:03:00,2023-01-03 06:20:00
2023-01-03,010,V,A72037,2023-01-03 06:33:31,2023-01-03 06:47:31,4.902,2023-01-03 06:31:00,2023-01-03 06:57:00
2023-01-03,010,I,A72085,2023-01-03 06:34:06,2023-01-03 06:50:26,5.505,2023-01-03 06:32:00,2023-01-03 06:52:00
2023-01-03,010,I,A72037,2023-01-03 07:00:28,2023-01-03 07:14:08,5.505,2023-01-03 06:59:00,2023-01-03 07:16:00
2023-01-03,010,V,A72085,2023-01-03 07:02:01,2023-01-03 07:15:42,4.902,2023-01-03 06:58:00,2023-01-03 07:27:00
2023-01-03,010,V,A72037,2023-01-03 07:34:07,2023-01-03 07:47:47,4.902,2023-01-03 07:29:00,2023-01-03 07:56:00
2023-01-03,010,I,A72085,2023-01-03 07:35:13,2023-01-03 07:50:34,5.505,2023-01-03 07:33:00,2023-01-03 07:53:00
2023-01-03,010,I,A72037,2023-01-03 08:03:21,2023-01-03 08:18:21,5.505,2023-01-03 08:02:00,2023-01-03 08:20:00
2023-01-03,010,V,A72085,2023-01-03 08:03:53,2023-01-03 08:20:14,4.902,2023-01-03 07:59:00,2023-01-03 08:31:00
2023-01-03,010,V,A72037,2023-01-03 08:35:45,2023-01-03 08:54:46,4.902,2023-01-03 08:30:00,2023-01-03 09:01:00
2023-01-03,010,I,A72085,2023-01-03 08:37:34,2023-01-03 08:58:35,5.505,2023-01-03 08:35:00,2023-01-03 09:03:00
2023-01-03,010,I,A72037,2023-01-03 09:07:06,2023-01-03 09:24:47,5.505,2023-01-03 09:05:00,2023-01-03 09:28:00
2023-01-03,010,V,A72085,2023-01-03 09:11:35,2023-01-03 09:30:36,4.902,2023-01-03 09:06:00,2023-01-03 09:33:00
2023-01-03,010,V,A72037,2023-01-03 09:33:47,2023-01-03 09:47:08,4.902,2023-01-03 09:30:00,2023-01-03 10:03:00
2023-01-03,010,I,A72085,2023-01-03 09:39:56,2023-01-03 10:00:37,5.505,2023-01-03 09:36:00,2023-01-03 10:05:00
2023-01-03,010,I,A72037,2023-01-03 10:09:48,2023-01-03 10:28:29,5.505,2023-01-03 10:08:00,2023-01-03 10:30:00
2023-01-03,010,V,A72085,2023-01-03 10:12:18,2023-01-03 10:29:38,4.902,2023-01-03 10:07:00,2023-01-03 10:33:00
2023-01-03,010,V,A72037,2023-01-03 10:36:29,2023-01-03 10:52:50,4.902,2023-01-03 10:32:00,2023-01-03 11:02:00
2023-01-03,010,I,A72085,2023-01-03 10:42:38,2023-01-03 11:00:19,5.505,2023-01-03 10:40:00,2023-01-03 11:04:00
2023-01-03,010,V,A72085,2023-01-03 11:11:39,2023-01-03 11:27:40,4.902,2023-01-03 11:07:00,2023-01-03 11:30:00
2023-01-03,010,I,A72037,2023-01-03 11:11:50,2023-01-03 11:30:11,5.505,2023-01-03 11:07:00,2023-01-03 11:32:00
2023-01-03,010,V,A72037,2023-01-03 11:38:11,2023-01-03 11:50:12,4.902,2023-01-03 11:34:00,2023-01-03 11:56:00
2023-01-03,010,I,A72085,2023-01-03 11:39:40,2023-01-03 12:00:21,5.505,2023-01-03 11:36:00,2023-01-03 12:02:00
2023-01-03,010,I,A72037,2023-01-03 12:04:04,2023-01-03 12:21:44,5.505,2023-01-03 12:01:00,2023-01-03 12:25:00
2023-01-03,010,V,A72085,2023-01-03 12:09:21,2023-01-03 12:26:02,4.902,2023-01-03 12:04:00,2023-01-03 12:27:00
2023-01-03,010,I,A72085,2023-01-03 12:31:22,2023-01-03 12:48:43,5.505,2023-01-03 12:29:00,2023-01-03 12:50:00
2023-01-03,010,V,A72037,2023-01-03 12:37:43,2023-01-03 12:49:23,4.902,2023-01-03 12:32:00,2023-01-03 12:54:00
2023-01-03,010,V,A72085,2023-01-03 12:55:03,2023-01-03 13:09:43,4.902,2023-01-03 12:51:00,2023-01-03 13:24:00
2023-01-03,010,I,A72037,2023-01-03 13:00:52,2023-01-03 13:20:33,5.505,2023-01-03 12:57:00,2023-01-03 13:22:00
2023-01-03,010,I,A72085,2023-01-03 13:29:13,2023-01-03 13:50:33,5.505,2023-01-03 13:27:00,2023-01-03 13:53:00
2023-01-03,010,V,A72037,2023-01-03 13:33:54,2023-01-03 13:46:54,4.902,2023-01-03 13:31:00,2023-01-03 13:59:00
2023-01-03,010,V,A72085,2023-01-03 13:59:54,2023-01-03 14:17:54,4.902,2023-01-03 13:54:00,2023-01-03 14:26:00
2023-01-03,010,I,A72037,2023-01-03 14:02:31,2023-01-03 14:26:52,5.505,2023-01-03 14:00:00,2023-01-03 14:28:00
2023-01-03,010,I,A72085,2023-01-03 14:31:43,2023-01-03 14:57:04,5.505,2023-01-03 14:29:00,2023-01-03 15:00:00
2023-01-03,010,V,A72037,2023-01-03 14:37:22,2023-01-03 14:54:22,4.902,2023-01-03 14:33:00,2023-01-03 15:01:00
2023-01-03,010,I,A72037,2023-01-03 15:08:53,2023-01-03 15:30:13,5.505,2023-01-03 15:05:00,2023-01-03 15:37:00
2023-01-03,010,V,A72085,2023-01-03 15:11:54,2023-01-03 15:30:15,4.902,2023-01-03 15:07:00,2023-01-03 15:38:00
2023-01-03,010,V,A72037,2023-01-03 15:41:54,2023-01-03 15:55:35,4.902,2023-01-03 15:38:00,2023-01-03 16:02:00
2023-01-03,010,I,A72085,2023-01-03 15:42:46,2023-01-03 16:07:07,5.505,2023-01-03 15:40:00,2023-01-03 16:11:00
2023-01-03,010,I,A72037,2023-01-03 16:05:49,2023-01-03 16:32:30,5.505,2023-01-03 16:03:00,2023-01-03 16:35:00
2023-01-03,010,V,A72085,2023-01-03 16:17:47,2023-01-03 16:33:28,4.902,2023-01-03 16:13:00,2023-01-03 16:43:00
2023-01-03,010,V,A72037,2023-01-03 16:38:50,2023-01-03 16:54:31,4.902,2023-01-03 16:36:00,2023-01-03 17:09:00
2023-01-03,010,I,A72085,2023-01-03 16:45:38,2023-01-03 17:11:18,5.505,2023-01-03 16:44:00,2023-01-03 17:16:00
2023-01-03,010,V,A72085,2023-01-03 17:22:19,2023-01-03 17:41:19,4.902,2023-01-03 17:18:00,2023-01-03 17:59:00
2023-01-03,010,I,A72151,2023-01-03 17:51:34,2023-01-03 18:22:35,5.505,2023-01-03 17:50:00,2023-01-03 18:25:00
2023-01-03,010,I,A72085,2023-01-03 18:04:46,2023-01-03 18:55:08,5.505,2023-01-03 18:02:00,2023-01-03 18:59:00
2023-01-03,010,V,A72151,2023-01-03 18:30:36,2023-01-03 18:59:52,4.902,2023-01-03 18:27:00,2023-01-03 19:13:00
2023-01-03,010,V,A72085,2023-01-03 19:02:48,2023-01-03 20:01:50,4.902,2023-01-03 19:01:00,2023-01-03 20:16:00
2023-01-03,010,I,A72151,2023-01-03 19:30:25,2023-01-03 20:15:42,5.505,2023-01-03 19:19:00,2023-01-03 20:17:00
2023-01-03,010,V,A72151,2023-01-03 20:21:27,2023-01-03 20:45:28,4.902,2023-01-03 20:18:00,2023-01-03 21:00:00
2023-01-03,010,I,A72085,2023-01-03 20:24:26,2023-01-03 20:59:07,5.505,,
2023-01-03,010,V,A72085,2023-01-03 21:01:48,2023-01-03 21:12:48,4.902,,
2023-01-03,010,I,A72151,2023-01-03 21:04:37,2023-01-03 21:18:38,5.505,2023-01-03 21:03:00,2023-01-03 21:20:00
2023-01-03,010,I,A72085,2023-01-03 21:21:36,2023-01-03 21:35:16,5.505,2023-01-03 21:20:00,2023-01-03 21:36:00
2023-01-03,010,V,A72151,2023-01-03 21:24:38,2023-01-03 21:43:39,4.902,,
2023-01-03,010,V,A72085,2023-01-03 21:45:57,2023-01-03 21:56:58,4.902,2023-01-03 21:18:00,2023-01-03 21:37:00
2023-01-04,010,V,A72085,2023-01-04 07:01:53,2023-01-04 07:14:14,4.902,2023-01-04 06:59:00,2023-01-04 07:28:00
2023-01-04,010,I,A72085,2023-01-04 07:31:57,2023-01-04 07:48:17,5.505,2023-01-04 07:30:00,2023-01-04 07:50:00
2023-01-04,010,I,A72037,2023-01-04 08:03:10,2023-01-04 08:22:11,5.505,2023-01-04 08:01:00,2023-01-04 08:24:00
2023-01-04,010,V,A72085,2023-01-04 08:03:39,2023-01-04 08:22:40,4.902,2023-01-04 07:59:00,2023-01-04 08:29:00
2023-01-04,010,I,A72085,2023-01-04 08:34:00,2023-01-04 08:56:41,5.505,2023-01-04 08:32:00,2023-01-04 09:00:00
2023-01-04,010,V,A72037,2023-01-04 08:38:58,2023-01-04 08:57:58,4.902,2023-01-04 08:33:00,2023-01-04 09:03:00
2023-01-04,010,V,A72085,2023-01-04 09:06:01,2023-01-04 09:22:02,4.902,2023-01-04 09:03:00,2023-01-04 09:31:00
2023-01-04,010,I,A72037,2023-01-04 09:09:59,2023-01-04 09:28:19,5.505,2023-01-04 09:07:00,2023-01-04 09:30:00
2023-01-04,010,I,A72085,2023-01-04 09:37:39,2023-01-04 10:02:20,5.505,2023-01-04 09:34:00,2023-01-04 10:04:00
2023-01-04,010,V,A72037,2023-01-04 09:38:20,2023-01-04 09:56:40,4.902,2023-01-04 09:32:00,2023-01-04 10:01:00
2023-01-04,010,I,A72037,2023-01-04 10:08:41,2023-01-04 10:28:42,5.505,2023-01-04 10:05:00,2023-01-04 10:33:00
2023-01-04,010,V,A72085,2023-01-04 10:10:20,2023-01-04 10:28:01,4.902,2023-01-04 10:07:00,2023-01-04 10:33:00
2023-01-04,010,I,A72085,2023-01-04 10:38:01,2023-01-04 11:01:02,5.505,2023-01-04 10:35:00,2023-01-04 11:04:00
2023-01-04,010,V,A72037,2023-01-04 10:40:02,2023-01-04 10:59:22,4.902,2023-01-04 10:34:00,2023-01-04 11:04:00
2023-01-04,010,I,A72037,2023-01-04 11:10:23,2023-01-04 11:32:24,5.505,2023-01-04 11:08:00,2023-01-04 11:34:00
2023-01-04,010,V,A72085,2023-01-04 11:10:42,2023-01-04 11:25:03,4.902,2023-01-04 11:06:00,2023-01-04 11:27:00
2023-01-04,010,I,A72085,2023-01-04 11:32:03,2023-01-04 11:56:04,5.505,2023-01-04 11:30:00,2023-01-04 11:58:00
2023-01-04,010,V,A72037,2023-01-04 11:41:24,2023-01-04 11:54:44,4.902,2023-01-04 11:37:00,2023-01-04 11:58:00
2023-01-04,010,I,A72037,2023-01-04 12:04:45,2023-01-04 12:26:25,5.505,2023-01-04 12:02:00,2023-01-04 12:28:00
2023-01-04,010,V,A72085,2023-01-04 12:06:04,2023-01-04 12:25:24,4.902,2023-01-04 12:03:00,2023-01-04 12:30:00
2023-01-04,010,I,A72085,2023-01-04 12:34:45,2023-01-04 13:00:25,5.505,2023-01-04 12:32:00,2023-01-04 13:03:00
2023-01-04,010,V,A72037,2023-01-04 12:35:33,2023-01-04 12:48:33,4.902,2023-01-04 12:32:00,2023-01-04 12:53:00
2023-01-04,010,I,A72037,2023-01-04 12:58:34,2023-01-04 13:22:54,5.505,2023-01-04 12:55:00,2023-01-04 13:26:00
2023-01-04,010,V,A72085,2023-01-04 13:09:46,2023-01-04 13:28:06,4.902,2023-01-04 13:05:00,2023-01-04 13:37:00
2023-01-04,010,V,A72037,2023-01-04 13:34:09,2023-01-04 13:51:30,4.902,2023-01-04 13:31:00,2023-01-04 14:07:00
2023-01-04,010,I,A72085,2023-01-04 13:42:47,2023-01-04 14:02:27,5.505,2023-01-04 13:39:00,2023-01-04 14:05:00
2023-01-04,010,V,A72085,2023-01-04 14:10:27,2023-01-04 14:27:08,4.902,2023-01-04 14:06:00,2023-01-04 14:34:00
2023-01-04,010,I,A72037,2023-01-04 14:14:24,2023-01-04 14:36:44,5.505,2023-01-04 14:09:00,2023-01-04 14:38:00
2023-01-04,010,I,A72085,2023-01-04 14:38:29,2023-01-04 15:00:49,5.505,2023-01-04 14:35:00,2023-01-04 15:04:00
2023-01-04,010,V,A72037,2023-01-04 14:44:25,2023-01-04 15:04:05,4.902,2023-01-04 14:41:00,2023-01-04 15:12:00
2023-01-04,010,V,A72085,2023-01-04 15:09:10,2023-01-04 15:25:30,4.902,2023-01-04 15:06:00,2023-01-04 15:34:00
2023-01-04,010,I,A72037,2023-01-04 15:16:54,2023-01-04 15:46:35,5.505,2023-01-04 15:14:00,2023-01-04 15:51:00
2023-01-04,010,I,A72085,2023-01-04 15:40:21,2023-01-04 16:05:22,5.505,2023-01-04 15:36:00,2023-01-04 16:08:00
2023-01-04,010,V,A72037,2023-01-04 15:56:36,2023-01-04 16:18:16,4.902,2023-01-04 15:52:00,2023-01-04 16:25:00
2023-01-04,010,V,A72085,2023-01-04 16:13:42,2023-01-04 16:32:23,4.902,2023-01-04 16:10:00,2023-01-04 16:38:00
2023-01-04,010,I,A72037,2023-01-04 16:28:33,2023-01-04 16:56:53,5.505,2023-01-04 16:27:00,2023-01-04 16:59:00
2023-01-04,010,I,A72085,2023-01-04 16:43:39,2023-01-04 17:05:00,5.505,2023-01-04 16:40:00,2023-01-04 17:07:00
2023-01-04,010,V,A72037,2023-01-04 17:04:54,2023-01-04 17:22:54,4.902,2023-01-04 17:01:00,2023-01-04 17:36:00
2023-01-04,010,V,A72085,2023-01-04 17:18:48,2023-01-04 17:35:28,4.902,2023-01-04 17:16:00,2023-01-04 17:49:00
2023-01-04,010,I,A72037,2023-01-04 17:41:47,2023-01-04 18:07:08,5.505,2023-01-04 17:39:00,2023-01-04 18:11:00
2023-01-04,010,I,A72085,2023-01-04 17:57:09,2023-01-04 18:13:09,5.505,2023-01-04 17:51:00,2023-01-04 18:15:00
2023-01-04,010,V,A72037,2023-01-04 18:16:28,2023-01-04 18:38:49,4.902,2023-01-04 18:13:00,2023-01-04 18:49:00
2023-01-04,010,V,A72085,2023-01-04 18:24:38,2023-01-04 18:39:39,4.902,2023-01-04 18:22:00,2023-01-04 19:04:00
2023-01-04,010,I,A72037,2023-01-04 18:51:34,2023-01-04 19:11:35,5.505,2023-01-04 18:49:00,2023-01-04 19:15:00
2023-01-04,010,I,A72085,2023-01-04 19:07:38,2023-01-04 19:24:59,5.505,2023-01-04 19:06:00,2023-01-04 19:28:00
2023-01-04,010,V,A72037,2023-01-04 19:20:15,2023-01-04 19:35:16,4.902,2023-01-04 19:18:00,2023-01-04 19:45:00
2023-01-04,010,V,A72085,2023-01-04 19:40:27,2023-01-04 19:53:07,4.902,2023-01-04 19:38:00,2023-01-04 20:02:00
2023-01-04,010,I,A72037,2023-01-04 19:48:45,2023-01-04 20:05:06,5.505,2023-01-04 19:47:00,2023-01-04 20:07:00
2023-01-04,010,I,A72085,2023-01-04 20:11:04,2023-01-04 20:27:05,5.505,2023-01-04 20:09:00,2023-01-04 20:29:00
2023-01-04,010,V,A72037,2023-01-04 20:17:58,2023-01-04 20:28:38,4.902,2023-01-04 20:14:00,2023-01-04 20:41:00
2023-01-04,010,V,A72085,2023-01-04 20:35:36,2023-01-04 20:47:17,4.902,2023-01-04 20:32:00,2023-01-04 20:54:00
2023-01-04,010,I,A72037,2023-01-04 20:44:08,2023-01-04 20:58:48,5.505,2023-01-04 20:42:00,2023-01-04 21:00:00
2023-01-04,010,I,A72085,2023-01-04 20:57:35,2023-01-04 21:13:16,5.505,2023-01-04 20:56:00,2023-01-04 21:14:00
2023-01-04,010,V,A72037,2023-01-04 21:08:26,2023-01-04 21:17:27,4.902,,
2023-01-04,010,V,A72085,2023-01-04 21:21:55,2023-01-04 21:33:36,4.902,,
2023-01-05,010,I,A72151,2023-01-05 05:38:41,2023-01-05 05:45:56,5.505,,
2023-01-05,010,I,A72037,2023-01-05 06:04:26,2023-01-05 06:15:07,5.505,2023-01-05 06:03:00,2023-01-05 06:18:00
2023-01-05,010,I,A72085,2023-01-05 06:31:29,2023-01-05 06:47:50,5.505,2023-01-05 06:30:00,2023-01-05 06:50:00
2023-01-05,010,V,A72037,2023-01-05 06:34:21,2023-01-05 06:49:21,4.902,2023-01-05 06:31:00,2023-01-05 06:59:00
2023-01-05,010,V,A72085,2023-01-05 07:02:23,2023-01-05 07:15:04,4.902,2023-01-05 06:59:00,2023-01-05 07:26:00
2023-01-05,010,I,A72037,2023-01-05 07:06:52,2023-01-05 07:24:12,5.505,2023-01-05 07:05:00,2023-01-05 07:26:00
2023-01-05,010,I,A72085,2023-01-05 07:30:10,2023-01-05 07:52:07,5.505,2023-01-05 07:28:00,2023-01-05 07:54:00
2023-01-05,010,V,A72037,2023-01-05 07:32:33,2023-01-05 07:47:53,4.902,2023-01-05 07:28:00,2023-01-05 07:58:00
2023-01-05,010,V,A72085,2023-01-05 08:04:19,2023-01-05 08:20:00,4.902,2023-01-05 08:00:00,2023-01-05 08:27:00
2023-01-05,010,I,A72037,2023-01-05 08:04:24,2023-01-05 08:22:44,5.505,2023-01-05 08:02:00,2023-01-05 08:27:00
2023-01-05,010,I,A72085,2023-01-05 08:32:56,2023-01-05 08:54:17,5.505,2023-01-05 08:31:00,2023-01-05 08:56:00
2023-01-05,010,V,A72037,2023-01-05 08:36:25,2023-01-05 08:52:25,4.902,2023-01-05 08:29:00,2023-01-05 08:58:00
2023-01-05,010,V,A72085,2023-01-05 09:03:37,2023-01-05 09:18:18,4.902,2023-01-05 09:00:00,2023-01-05 09:28:00
2023-01-05,010,I,A72037,2023-01-05 09:05:26,2023-01-05 09:22:26,5.505,2023-01-05 09:02:00,2023-01-05 09:26:00
2023-01-05,010,I,A72085,2023-01-05 09:31:39,2023-01-05 09:54:00,5.505,2023-01-05 09:29:00,2023-01-05 09:56:00
2023-01-05,010,V,A72037,2023-01-05 09:35:07,2023-01-05 09:49:07,4.902,2023-01-05 09:28:00,2023-01-05 09:58:00
2023-01-05,010,V,A72085,2023-01-05 10:04:00,2023-01-05 10:18:40,4.902,2023-01-05 10:01:00,2023-01-05 10:27:00
2023-01-05,010,I,A72037,2023-01-05 10:05:28,2023-01-05 10:30:08,5.505,2023-01-05 10:03:00,2023-01-05 10:32:00
2023-01-05,010,I,A72085,2023-01-05 10:30:49,2023-01-05 10:52:30,5.505,2023-01-05 10:28:00,2023-01-05 10:54:00
2023-01-05,010,V,A72037,2023-01-05 10:41:09,2023-01-05 10:59:10,4.902,2023-01-05 10:36:00,2023-01-05 11:07:00
2023-01-05,010,V,A72085,2023-01-05 11:05:30,2023-01-05 11:21:30,4.902,2023-01-05 11:01:00,2023-01-05 11:30:00
2023-01-05,010,I,A72037,2023-01-05 11:16:10,2023-01-05 11:39:51,5.505,2023-01-05 11:12:00,2023-01-05 11:43:00
2023-01-05,010,I,A72085,2023-01-05 11:33:42,2023-01-05 11:52:43,5.505,2023-01-05 11:31:00,2023-01-05 11:56:00
2023-01-05,010,V,A72037,2023-01-05 11:49:51,2023-01-05 12:09:32,4.902,2023-01-05 11:44:00,2023-01-05 12:10:00
2023-01-05,010,V,A72085,2023-01-05 12:05:23,2023-01-05 12:22:24,4.902,2023-01-05 12:01:00,2023-01-05 12:25:00
2023-01-05,010,I,A72037,2023-01-05 12:14:32,2023-01-05 12:40:13,5.505,2023-01-05 12:12:00,2023-01-05 12:43:00
2023-01-05,010,I,A72085,2023-01-05 12:30:44,2023-01-05 12:58:05,5.505,2023-01-05 12:27:00,2023-01-05 13:01:00
2023-01-05,010,V,A72037,2023-01-05 12:49:33,2023-01-05 13:06:34,4.902,2023-01-05 12:45:00,2023-01-05 13:15:00
2023-01-05,010,V,A72085,2023-01-05 13:14:54,2023-01-05 13:32:55,4.902,2023-01-05 13:11:00,2023-01-05 13:54:00
2023-01-05,010,I,A72037,2023-01-05 13:21:59,2023-01-05 13:43:40,5.505,2023-01-05 13:18:00,2023-01-05 13:47:00
2023-01-05,010,V,A72037,2023-01-05 13:55:40,2023-01-05 14:14:41,4.902,2023-01-05 13:50:00,2023-01-05 14:25:00
2023-01-05,010,I,A72085,2023-01-05 13:57:13,2023-01-05 14:22:14,5.505,2023-01-05 13:54:00,2023-01-05 14:27:00
2023-01-05,010,V,A72085,2023-01-05 14:32:54,2023-01-05 14:47:37,4.902,2023-01-05 14:29:00,2023-01-05 14:56:00
2023-01-05,010,I,A72037,2023-01-05 14:34:00,2023-01-05 14:55:01,5.505,2023-01-05 14:30:00,2023-01-05 14:59:00
2023-01-05,010,I,A72085,2023-01-05 15:01:40,2023-01-05 15:20:20,5.505,2023-01-05 14:59:00,2023-01-05 15:23:00
2023-01-05,010,V,A72037,2023-01-05 15:03:41,2023-01-05 15:22:22,4.902,2023-01-05 15:00:00,2023-01-05 15:31:00
2023-01-05,010,V,A72085,2023-01-05 15:28:00,2023-01-05 15:43:41,4.902,2023-01-05 15:24:00,2023-01-05 15:50:00
2023-01-05,010,I,A72037,2023-01-05 15:37:09,2023-01-05 15:58:50,5.505,2023-01-05 15:34:00,2023-01-05 16:02:00
2023-01-05,010,I,A72085,2023-01-05 15:54:31,2023-01-05 16:18:12,5.505,2023-01-05 15:51:00,2023-01-05 16:21:00
2023-01-05,010,V,A72037,2023-01-05 16:08:30,2023-01-05 16:23:50,4.902,2023-01-05 16:04:00,2023-01-05 16:34:00
2023-01-05,010,V,A72085,2023-01-05 16:26:12,2023-01-05 16:45:33,4.902,2023-01-05 16:22:00,2023-01-05 16:54:00
2023-01-05,010,I,A72037,2023-01-05 16:40:07,2023-01-05 17:01:08,5.505,2023-01-05 16:37:00,2023-01-05 17:04:00
2023-01-05,010,I,A72085,2023-01-05 17:01:47,2023-01-05 17:31:28,5.505,2023-01-05 16:56:00,2023-01-05 17:35:00
2023-01-05,010,V,A72037,2023-01-05 17:11:08,2023-01-05 17:30:29,4.902,2023-01-05 17:06:00,2023-01-05 17:45:00
2023-01-05,010,V,A72085,2023-01-05 17:40:48,2023-01-05 17:55:49,4.902,2023-01-05 17:37:00,2023-01-05 18:04:00
2023-01-05,010,I,A72037,2023-01-05 17:49:49,2023-01-05 18:29:30,5.505,2023-01-05 17:46:00,2023-01-05 18:34:00
2023-01-05,010,I,A72085,2023-01-05 18:09:45,2023-01-05 18:42:45,5.505,2023-01-05 18:06:00,2023-01-05 18:45:00
2023-01-05,010,V,A72037,2023-01-05 18:38:50,2023-01-05 18:58:11,4.902,2023-01-05 18:35:00,2023-01-05 19:09:00
2023-01-05,010,V,A72085,2023-01-05 18:50:05,2023-01-05 19:02:46,4.902,2023-01-05 18:47:00,2023-01-05 19:27:00
2023-01-05,010,I,A72037,2023-01-05 19:12:39,2023-01-05 19:39:40,5.505,2023-01-05 19:11:00,2023-01-05 19:43:00
2023-01-05,010,I,A72085,2023-01-05 19:31:32,2023-01-05 19:48:53,5.505,2023-01-05 19:29:00,2023-01-05 19:51:00
2023-01-05,010,V,A72037,2023-01-05 19:48:01,2023-01-05 20:00:01,4.902,2023-01-05 19:45:00,2023-01-05 20:05:00
2023-01-05,010,V,A72085,2023-01-05 20:01:42,2023-01-05 20:16:23,4.902,2023-01-05 19:57:00,2023-01-05 20:23:00
2023-01-05,010,I,A72037,2023-01-05 20:08:21,2023-01-05 20:24:42,5.505,2023-01-05 20:06:00,2023-01-05 20:27:00
2023-01-05,010,I,A72085,2023-01-05 20:27:27,2023-01-05 20:42:47,5.505,2023-01-05 20:25:00,2023-01-05 20:45:00
2023-01-05,010,V,A72037,2023-01-05 20:32:42,2023-01-05 20:44:43,4.902,2023-01-05 20:30:00,2023-01-05 20:52:00
2023-01-05,010,V,A72085,2023-01-05 20:50:08,2023-01-05 21:03:28,4.902,,
2023-01-05,010,I,A72037,2023-01-05 20:54:13,2023-01-05 21:13:13,5.505,,
2023-01-05,010,V,A72037,2023-01-05 21:18:14,2023-01-05 21:28:54,4.902,,
2023-01-06,010,I,A72037,2023-01-06 06:06:59,2023-01-06 06:18:19,5.505,2023-01-06 06:05:00,2023-01-06 06:20:00
2023-01-06,010,V,A72037,2023-01-06 06:35:09,2023-01-06 06:48:49,4.902,2023-01-06 06:31:00,2023-01-06 07:00:00
2023-01-06,010,I,A72085,2023-01-06 06:37:28,2023-01-06 06:50:28,5.505,2023-01-06 06:36:00,2023-01-06 06:54:00
2023-01-06,010,V,A72085,2023-01-06 07:01:48,2023-01-06 07:14:09,4.902,2023-01-06 06:59:00,2023-01-06 07:27:00
2023-01-06,010,I,A72037,2023-01-06 07:09:52,2023-01-06 07:22:12,5.505,2023-01-06 07:08:00,2023-01-06 07:26:00
2023-01-06,010,V,A72037,2023-01-06 07:33:53,2023-01-06 07:51:13,4.902,2023-01-06 07:29:00,2023-01-06 08:04:00
2023-01-06,010,I,A72085,2023-01-06 07:34:18,2023-01-06 07:55:38,5.505,2023-01-06 07:32:00,2023-01-06 07:58:00
2023-01-06,010,V,A72085,2023-01-06 08:03:38,2023-01-06 08:16:59,4.902,2023-01-06 08:01:00,2023-01-06 08:28:00
2023-01-06,010,I,A72037,2023-01-06 08:12:14,2023-01-06 08:28:34,5.505,2023-01-06 08:10:00,2023-01-06 08:31:00
2023-01-06,010,I,A72085,2023-01-06 08:37:22,2023-01-06 08:56:03,5.505,2023-01-06 08:36:00,2023-01-06 08:58:00
2023-01-06,010,V,A72037,2023-01-06 08:37:35,2023-01-06 08:51:55,4.902,2023-01-06 08:33:00,2023-01-06 09:04:00
2023-01-06,010,V,A72085,2023-01-06 09:05:43,2023-01-06 09:18:23,4.902,2023-01-06 09:01:00,2023-01-06 09:33:00
2023-01-06,010,I,A72037,2023-01-06 09:11:36,2023-01-06 09:32:16,5.505,2023-01-06 09:08:00,2023-01-06 09:35:00
2023-01-06,010,I,A72085,2023-01-06 09:38:08,2023-01-06 09:56:08,5.505,2023-01-06 09:34:00,2023-01-06 09:58:00
2023-01-06,010,V,A72037,2023-01-06 09:42:17,2023-01-06 09:58:17,4.902,2023-01-06 09:37:00,2023-01-06 10:14:00
2023-01-06,010,V,A72085,2023-01-06 10:03:28,2023-01-06 10:20:49,4.902,2023-01-06 09:59:00,2023-01-06 10:31:00
2023-01-06,010,I,A72037,2023-01-06 10:19:58,2023-01-06 10:38:18,5.505,2023-01-06 10:18:00,2023-01-06 10:40:00
2023-01-06,010,I,A72085,2023-01-06 10:37:09,2023-01-06 10:56:10,5.505,2023-01-06 10:34:00,2023-01-06 10:58:00
2023-01-06,010,V,A72037,2023-01-06 10:46:19,2023-01-06 11:00:39,4.902,2023-01-06 10:42:00,2023-01-06 11:11:00
2023-01-06,010,V,A72085,2023-01-06 11:04:10,2023-01-06 11:19:51,4.902,2023-01-06 11:00:00,2023-01-06 11:31:00
2023-01-06,010,I,A72037,2023-01-06 11:19:52,2023-01-06 11:43:53,5.505,2023-01-06 11:16:00,2023-01-06 11:46:00
2023-01-06,010,I,A72085,2023-01-06 11:37:43,2023-01-06 11:55:43,5.505,2023-01-06 11:35:00,2023-01-06 11:58:00
2023-01-06,010,V,A72037,2023-01-06 11:55:33,2023-01-06 12:15:34,4.902,2023-01-06 11:48:00,2023-01-06 12:17:00
2023-01-06,010,V,A72085,2023-01-06 12:04:04,2023-01-06 12:21:44,4.902,2023-01-06 11:59:00,2023-01-06 12:22:00
2023-01-06,010,I,A72037,2023-01-06 12:21:54,2023-01-06 12:42:15,5.505,2023-01-06 12:19:00,2023-01-06 12:46:00
2023-01-06,010,I,A72085,2023-01-06 12:27:04,2023-01-06 12:48:05,5.505,2023-01-06 12:25:00,2023-01-06 12:51:00
2023-01-06,010,V,A72037,2023-01-06 12:51:55,2023-01-06 13:08:56,4.902,2023-01-06 12:47:00,2023-01-06 13:10:00
2023-01-06,010,V,A72085,2023-01-06 13:06:07,2023-01-06 13:21:08,4.902,2023-01-06 13:02:00,2023-01-06 13:34:00
2023-01-06,010,I,A72037,2023-01-06 13:16:36,2023-01-06 13:38:17,5.505,2023-01-06 13:13:00,2023-01-06 13:40:00
2023-01-06,010,I,A72085,2023-01-06 13:40:13,2023-01-06 14:02:34,5.505,2023-01-06 13:36:00,2023-01-06 14:04:00
2023-01-06,010,V,A72037,2023-01-06 13:46:57,2023-01-06 14:01:57,4.902,2023-01-06 13:42:00,2023-01-06 14:14:00
2023-01-06,010,V,A72085,2023-01-06 14:10:14,2023-01-06 14:26:15,4.902,2023-01-06 14:07:00,2023-01-06 14:31:00
2023-01-06,010,I,A72037,2023-01-06 14:18:35,2023-01-06 14:40:55,5.505,2023-01-06 14:16:00,2023-01-06 14:45:00
2023-01-06,010,I,A72085,2023-01-06 14:35:35,2023-01-06 14:58:16,5.505,2023-01-06 14:33:00,2023-01-06 15:03:00
2023-01-06,010,V,A72037,2023-01-06 14:50:16,2023-01-06 15:05:36,4.902,2023-01-06 14:46:00,2023-01-06 15:12:00
2023-01-06,010,V,A72085,2023-01-06 15:08:16,2023-01-06 15:26:57,4.902,2023-01-06 15:05:00,2023-01-06 15:32:00
2023-01-06,010,I,A72037,2023-01-06 15:16:54,2023-01-06 15:40:35,5.505,2023-01-06 15:14:00,2023-01-06 15:44:00
2023-01-06,010,I,A72085,2023-01-06 15:38:09,2023-01-06 16:00:29,5.505,2023-01-06 15:35:00,2023-01-06 16:03:00
2023-01-06,010,V,A72037,2023-01-06 15:51:55,2023-01-06 16:09:15,4.902,2023-01-06 15:47:00,2023-01-06 16:16:00
2023-01-06,010,V,A72085,2023-01-06 16:12:13,2023-01-06 16:28:14,4.902,2023-01-06 16:07:00,2023-01-06 16:39:00
2023-01-06,010,I,A72037,2023-01-06 16:21:11,2023-01-06 16:44:32,5.505,2023-01-06 16:18:00,2023-01-06 16:47:00
2023-01-06,010,I,A72085,2023-01-06 16:43:17,2023-01-06 17:06:37,5.505,2023-01-06 16:41:00,2023-01-06 17:09:00
2023-01-06,010,V,A72037,2023-01-06 16:51:52,2023-01-06 17:03:12,4.902,2023-01-06 16:49:00,2023-01-06 17:11:00
2023-01-06,010,V,A72085,2023-01-06 17:13:18,2023-01-06 17:32:58,4.902,2023-01-06 17:11:00,2023-01-06 17:43:00
2023-01-06,010,I,A72037,2023-01-06 17:14:48,2023-01-06 17:35:29,5.505,2023-01-06 17:13:00,2023-01-06 17:40:00
2023-01-06,010,V,A72037,2023-01-06 17:50:14,2023-01-06 18:09:15,4.902,2023-01-06 17:46:00,2023-01-06 18:17:00
2023-01-06,010,I,A72085,2023-01-06 17:50:19,2023-01-06 18:15:00,5.505,2023-01-06 17:45:00,2023-01-06 18:17:00
2023-01-06,010,I,A72037,2023-01-06 18:20:33,2023-01-06 18:50:54,5.505,2023-01-06 18:18:00,2023-01-06 18:55:00
2023-01-06,010,V,A72085,2023-01-06 18:23:40,2023-01-06 18:41:21,4.902,2023-01-06 18:19:00,2023-01-06 18:49:00
2023-01-06,010,I,A72085,2023-01-06 18:52:41,2023-01-06 19:12:42,5.505,,
2023-01-06,010,V,A72037,2023-01-06 19:00:14,2023-01-06 19:13:14,4.902,2023-01-06 18:57:00,2023-01-06 19:21:00
2023-01-06,010,V,A72085,2023-01-06 19:16:02,2023-01-06 19:27:43,4.902,2023-01-06 19:16:00,2023-01-06 19:52:00
2023-01-06,010,I,A72037,2023-01-06 19:25:09,2023-01-06 19:43:09,5.505,2023-01-06 19:23:00,2023-01-06 19:45:00
2023-01-06,010,I,A72085,2023-01-06 19:40:27,2023-01-06 19:52:27,5.505,,
2023-01-06,010,V,A72037,2023-01-06 19:48:30,2023-01-06 20:00:30,4.902,2023-01-06 19:46:00,2023-01-06 20:07:00
2023-01-06,010,V,A72085,2023-01-06 19:56:27,2023-01-06 20:04:08,4.902,,
2023-01-06,010,I,A72037,2023-01-06 20:12:05,2023-01-06 20:28:25,5.505,2023-01-06 20:10:00,2023-01-06 20:31:00
2023-01-06,010,V,A72037,2023-01-06 20:42:10,2023-01-06 20:55:30,4.902,2023-01-06 20:38:00,2023-01-06 21:03:00
2023-01-06,010,I,A72037,2023-01-06 21:06:11,2023-01-06 21:26:12,5.505,2023-01-06 21:04:00,2023-01-06 21:29:00
2023-01-06,010,V,A72037,2023-01-06 21:33:32,2023-01-06 21:51:33,4.902,,
2023-01-07,010,I,A72037,2023-01-07 06:07:55,2023-01-07 06:19:15,5.505,2023-01-07 06:06:00,2023-01-07 06:21:00
2023-01-07,010,V,A72037,2023-01-07 06:36:47,2023-01-07 06:46:47,4.902,2023-01-07 06:34:00,2023-01-07 06:56:00
2023-01-07,010,I,A72037,2023-01-07 07:07:18,2023-01-07 07:19:38,5.505,2023-01-07 07:05:00,2023-01-07 07:22:00
2023-01-07,010,I,A72085,2023-01-07 07:33:34,2023-01-07 07:46:35,5.505,2023-01-07 07:30:00,2023-01-07 07:49:00
2023-01-07,010,V,A72037,2023-01-07 07:37:08,2023-01-07 07:49:28,4.902,2023-01-07 07:33:00,2023-01-07 08:00:00
2023-01-07,010,V,A72085,2023-01-07 08:02:15,2023-01-07 08:14:55,4.902,2023-01-07 07:59:00,2023-01-07 08:34:00
2023-01-07,010,I,A72037,2023-01-07 08:04:32,2023-01-07 08:15:52,5.505,2023-01-07 08:03:00,2023-01-07 08:19:00
2023-01-07,010,V,A72037,2023-01-07 08:32:09,2023-01-07 08:45:30,4.902,2023-01-07 08:27:00,2023-01-07 09:02:00
2023-01-07,010,I,A72085,2023-01-07 08:43:57,2023-01-07 08:54:37,5.505,2023-01-07 08:41:00,2023-01-07 08:58:00
2023-01-07,010,V,A72085,2023-01-07 09:03:57,2023-01-07 09:15:58,4.902,2023-01-07 09:00:00,2023-01-07 09:30:00
2023-01-07,010,I,A72037,2023-01-07 09:07:54,2023-01-07 09:20:54,5.505,2023-01-07 09:05:00,2023-01-07 09:34:00
2023-01-07,010,I,A72085,2023-01-07 09:41:57,2023-01-07 09:57:18,5.505,2023-01-07 09:39:00,2023-01-07 10:01:00
2023-01-07,010,V,A72037,2023-01-07 09:43:00,2023-01-07 09:56:40,4.902,2023-01-07 09:40:00,2023-01-07 09:58:00
2023-01-07,010,I,A72037,2023-01-07 10:12:10,2023-01-07 10:26:50,5.505,2023-01-07 10:09:00,2023-01-07 10:33:00
2023-01-07,010,V,A72085,2023-01-07 10:12:38,2023-01-07 10:25:59,4.902,2023-01-07 10:08:00,2023-01-07 10:33:00
2023-01-07,010,V,A72037,2023-01-07 10:38:10,2023-01-07 10:53:51,4.902,2023-01-07 10:34:00,2023-01-07 10:56:00
2023-01-07,010,I,A72085,2023-01-07 10:45:29,2023-01-07 11:01:09,5.505,2023-01-07 10:42:00,2023-01-07 11:06:00
2023-01-07,010,I,A72037,2023-01-07 11:03:11,2023-01-07 11:14:11,5.505,2023-01-07 10:58:00,2023-01-07 11:20:00
2023-01-07,010,V,A72085,2023-01-07 11:15:10,2023-01-07 11:26:10,4.902,2023-01-07 11:11:00,2023-01-07 11:37:00
2023-01-07,010,V,A72037,2023-01-07 11:37:46,2023-01-07 11:53:46,4.902,2023-01-07 11:32:00,2023-01-07 12:02:00
2023-01-07,010,I,A72085,2023-01-07 11:45:12,2023-01-07 11:59:53,5.505,2023-01-07 11:41:00,2023-01-07 12:06:00
2023-01-07,010,I,A72037,2023-01-07 12:10:40,2023-01-07 12:26:21,5.505,2023-01-07 12:05:00,2023-01-07 12:36:00
2023-01-07,010,V,A72085,2023-01-07 12:11:13,2023-01-07 12:22:34,4.902,2023-01-07 12:07:00,2023-01-07 12:32:00
2023-01-07,010,I,A72085,2023-01-07 12:36:54,2023-01-07 13:01:34,5.505,2023-01-07 12:33:00,2023-01-07 13:07:00
2023-01-07,010,V,A72037,2023-01-07 12:41:01,2023-01-07 12:57:22,4.902,2023-01-07 12:38:00,2023-01-07 13:17:00
2023-01-07,010,V,A72085,2023-01-07 13:12:35,2023-01-07 13:24:15,4.902,2023-01-07 13:09:00,2023-01-07 13:30:00
2023-01-07,010,I,A72037,2023-01-07 13:23:02,2023-01-07 13:40:02,5.505,2023-01-07 13:20:00,2023-01-07 13:49:00
2023-01-07,010,I,A72085,2023-01-07 13:34:52,2023-01-07 13:49:33,5.505,2023-01-07 13:31:00,2023-01-07 13:55:00
2023-01-07,010,V,A72037,2023-01-07 13:55:23,2023-01-07 14:08:43,4.902,2023-01-07 13:52:00,2023-01-07 14:17:00
2023-01-07,010,V,A72085,2023-01-07 14:08:18,2023-01-07 14:22:38,4.902,2023-01-07 14:05:00,2023-01-07 14:37:00
2023-01-07,010,I,A72037,2023-01-07 14:23:56,2023-01-07 14:42:57,5.505,2023-01-07 14:18:00,2023-01-07 14:48:00
2023-01-07,010,I,A72085,2023-01-07 14:43:14,2023-01-07 14:59:14,5.505,2023-01-07 14:39:00,2023-01-07 15:04:00
2023-01-07,010,V,A72037,2023-01-07 14:53:38,2023-01-07 15:07:58,4.902,2023-01-07 14:50:00,2023-01-07 15:15:00
2023-01-07,010,V,A72085,2023-01-07 15:07:55,2023-01-07 15:21:35,4.902,2023-01-07 15:05:00,2023-01-07 15:32:00
2023-01-07,010,I,A72037,2023-01-07 15:22:01,2023-01-07 15:40:02,5.505,2023-01-07 15:17:00,2023-01-07 15:47:00
2023-01-07,010,I,A72085,2023-01-07 15:43:17,2023-01-07 15:57:38,5.505,2023-01-07 15:40:00,2023-01-07 16:04:00
2023-01-07,010,V,A72037,2023-01-07 15:54:42,2023-01-07 16:09:03,4.902,2023-01-07 15:50:00,2023-01-07 16:15:00
2023-01-07,010,V,A72085,2023-01-07 16:12:38,2023-01-07 16:27:39,4.902,2023-01-07 16:07:00,2023-01-07 16:42:00
2023-01-07,010,I,A72037,2023-01-07 16:19:28,2023-01-07 16:38:57,5.505,2023-01-07 16:17:00,2023-01-07 16:42:00
2023-01-07,010,V,A72037,2023-01-07 16:47:57,2023-01-07 17:00:58,4.902,2023-01-07 16:43:00,2023-01-07 17:10:00
2023-01-07,010,I,A72085,2023-01-07 16:50:14,2023-01-07 17:06:35,5.505,2023-01-07 16:48:00,2023-01-07 17:10:00
2023-01-07,010,I,A72037,2023-01-07 17:16:59,2023-01-07 17:36:00,5.505,2023-01-07 17:14:00,2023-01-07 17:39:00
2023-01-07,010,V,A72085,2023-01-07 17:18:15,2023-01-07 17:31:15,4.902,2023-01-07 17:13:00,2023-01-07 17:40:00
2023-01-07,010,V,A72037,2023-01-07 17:46:40,2023-01-07 18:02:20,4.902,2023-01-07 17:42:00,2023-01-07 18:12:00
2023-01-07,010,I,A72085,2023-01-07 17:47:25,2023-01-07 18:06:26,5.505,2023-01-07 17:45:00,2023-01-07 18:07:00
2023-01-07,010,V,A72085,2023-01-07 18:13:06,2023-01-07 18:30:46,4.902,2023-01-07 18:10:00,2023-01-07 18:37:00
2023-01-07,010,I,A72037,2023-01-07 18:18:36,2023-01-07 18:35:37,5.505,2023-01-07 18:16:00,2023-01-07 18:39:00
2023-01-07,010,I,A72085,2023-01-07 18:44:27,2023-01-07 19:04:08,5.505,2023-01-07 18:43:00,2023-01-07 19:08:00
2023-01-07,010,V,A72037,2023-01-07 18:45:57,2023-01-07 18:59:17,4.902,2023-01-07 18:41:00,2023-01-07 19:07:00
2023-01-07,010,I,A72037,2023-01-07 19:12:27,2023-01-07 19:30:28,5.505,2023-01-07 19:11:00,2023-01-07 19:33:00
2023-01-07,010,V,A72085,2023-01-07 19:15:28,2023-01-07 19:29:48,4.902,2023-01-07 19:09:00,2023-01-07 19:40:00
2023-01-07,010,V,A72037,2023-01-07 19:40:48,2023-01-07 19:55:09,4.902,,
2023-01-07,010,I,A72085,2023-01-07 19:46:49,2023-01-07 20:04:29,5.505,2023-01-07 19:44:00,2023-01-07 20:07:00
2023-01-07,010,V,A72085,2023-01-07 20:12:10,2023-01-07 20:26:10,4.902,2023-01-07 20:08:00,2023-01-07 20:37:00
2023-01-07,010,I,A72085,2023-01-07 20:41:19,2023-01-07 21:01:19,5.505,2023-01-07 20:40:00,2023-01-07 21:03:00
2023-01-07,010,V,A72085,2023-01-07 21:09:20,2023-01-07 21:26:40,4.902,,
2023-01-08,010,I,A72037,2023-01-08 06:05:54,2023-01-08 06:17:34,5.505,2023-01-08 06:04:00,2023-01-08 06:18:00
2023-01-08,010,V,A72037,2023-01-08 06:33:45,2023-01-08 06:43:25,4.902,2023-01-08 06:32:00,2023-01-08 06:55:00
2023-01-08,010,I,A72037,2023-01-08 06:58:46,2023-01-08 07:16:47,5.505,2023-01-08 06:57:00,2023-01-08 07:17:00
2023-01-08,010,V,A72037,2023-01-08 07:30:36,2023-01-08 07:40:36,4.902,2023-01-08 07:28:00,2023-01-08 07:57:00
2023-01-08,010,I,A72037,2023-01-08 08:00:40,2023-01-08 08:15:00,5.505,2023-01-08 07:59:00,2023-01-08 08:16:00
2023-01-08,010,V,A72037,2023-01-08 08:28:57,2023-01-08 08:40:57,4.902,2023-01-08 08:26:00,2023-01-08 08:57:00
2023-01-08,010,I,A72037,2023-01-08 09:02:57,2023-01-08 09:16:38,5.505,2023-01-08 09:00:00,2023-01-08 09:18:00
2023-01-08,010,V,A72037,2023-01-08 09:35:54,2023-01-08 09:46:54,4.902,2023-01-08 09:33:00,2023-01-08 09:57:00
2023-01-08,010,I,A72037,2023-01-08 09:59:32,2023-01-08 10:13:52,5.505,2023-01-08 09:57:00,2023-01-08 10:15:00
2023-01-08,010,V,A72037,2023-01-08 10:35:37,2023-01-08 10:45:17,4.902,2023-01-08 10:33:00,2023-01-08 10:57:00
2023-01-08,010,I,A72037,2023-01-08 10:59:29,2023-01-08 11:21:10,5.505,2023-01-08 10:57:00,2023-01-08 11:22:00
2023-01-08,010,V,A72037,2023-01-08 11:34:43,2023-01-08 11:49:03,4.902,2023-01-08 11:32:00,2023-01-08 11:56:00
2023-01-08,010,I,A72037,2023-01-08 11:58:42,2023-01-08 12:13:03,5.505,2023-01-08 11:57:00,2023-01-08 12:15:00
2023-01-08,010,V,A72037,2023-01-08 12:37:01,2023-01-08 12:49:21,4.902,2023-01-08 12:34:00,2023-01-08 12:55:00
2023-01-08,010,I,A72037,2023-01-08 12:58:14,2023-01-08 13:13:34,5.505,2023-01-08 12:56:00,2023-01-08 13:15:00
2023-01-08,010,V,A72037,2023-01-08 13:38:39,2023-01-08 13:50:39,4.902,2023-01-08 13:35:00,2023-01-08 14:03:00
2023-01-08,010,I,A72037,2023-01-08 14:09:42,2023-01-08 14:24:23,5.505,2023-01-08 14:08:00,2023-01-08 14:27:00
2023-01-08,010,V,A72037,2023-01-08 14:40:20,2023-01-08 15:15:01,4.902,2023-01-08 14:36:00,2023-01-08 15:21:00
2023-01-08,010,I,A72037,2023-01-08 15:24:17,2023-01-08 15:39:18,5.505,2023-01-08 15:22:00,2023-01-08 15:41:00
2023-01-08,010,V,A72037,2023-01-08 15:46:18,2023-01-08 16:01:38,4.902,2023-01-08 15:42:00,2023-01-08 16:09:00
2023-01-08,010,I,A72037,2023-01-08 16:10:53,2023-01-08 16:23:54,5.505,2023-01-08 16:09:00,2023-01-08 16:27:00
2023-01-08,010,V,A72037,2023-01-08 16:37:14,2023-01-08 16:50:54,4.902,2023-01-08 16:33:00,2023-01-08 17:03:00
2023-01-08,010,I,A72037,2023-01-08 17:09:39,2023-01-08 17:23:40,5.505,2023-01-08 17:08:00,2023-01-08 17:25:00
2023-01-08,010,V,A72037,2023-01-08 17:40:15,2023-01-08 18:06:36,4.902,2023-01-08 17:37:00,2023-01-08 18:16:00
2023-01-08,010,I,A72037,2023-01-08 18:18:53,2023-01-08 18:34:13,5.505,2023-01-08 18:17:00,2023-01-08 18:36:00
2023-01-08,010,V,A72037,2023-01-08 18:39:53,2023-01-08 18:51:14,4.902,2023-01-08 18:37:00,2023-01-08 19:01:00
2023-01-08,010,I,A72037,2023-01-08 19:03:29,2023-01-08 19:20:09,5.505,2023-01-08 19:02:00,2023-01-08 19:22:00
2023-01-08,010,V,A72037,2023-01-08 19:35:27,2023-01-08 19:49:08,4.902,2023-01-08 19:32:00,2023-01-08 20:03:00
2023-01-08,010,I,A72037,2023-01-08 20:10:11,2023-01-08 20:25:32,5.505,2023-01-08 20:08:00,2023-01-08 20:27:00
2023-01-08,010,V,A72037,2023-01-08 20:37:39,2023-01-08 20:49:19,4.902,2023-01-08 20:34:00,2023-01-08 21:06:00
2023-01-08,010,I,A72037,2023-01-08 21:08:37,2023-01-08 21:25:37,5.505,2023-01-08 21:07:00,2023-01-08 21:27:00
2023-01-08,010,V,A72037,2023-01-08 21:30:18,2023-01-08 21:40:38,4.902,,
2023-01-09,010,I,A72037,2023-01-09 06:06:47,2023-01-09 06:20:28,5.505,2023-01-09 06:03:00,2023-01-09 06:26:00
2023-01-09,010,V,A72037,2023-01-09 06:33:28,2023-01-09 06:53:49,4.902,2023-01-09 06:30:00,2023-01-09 07:05:00
2023-01-09,010,I,A72085,2023-01-09 06:36:40,2023-01-09 06:52:01,5.505,2023-01-09 06:35:00,2023-01-09 06:54:00
2023-01-09,010,V,A72085,2023-01-09 06:59:21,2023-01-09 07:14:01,4.902,2023-01-09 06:57:00,2023-01-09 07:28:00
2023-01-09,010,I,A72037,2023-01-09 07:10:29,2023-01-09 07:26:50,5.505,2023-01-09 07:09:00,2023-01-09 07:30:00
2023-01-09,010,I,A72085,2023-01-09 07:32:22,2023-01-09 07:51:43,5.505,2023-01-09 07:29:00,2023-01-09 07:54:00
2023-01-09,010,V,A72037,2023-01-09 07:38:50,2023-01-09 07:55:11,4.902,2023-01-09 07:35:00,2023-01-09 08:07:00
2023-01-09,010,V,A72085,2023-01-09 08:02:43,2023-01-09 08:23:24,4.902,2023-01-09 07:59:00,2023-01-09 08:32:00
2023-01-09,010,I,A72037,2023-01-09 08:15:31,2023-01-09 08:33:32,5.505,2023-01-09 08:13:00,2023-01-09 08:36:00
2023-01-09,010,I,A72085,2023-01-09 08:39:07,2023-01-09 09:03:48,5.505,2023-01-09 08:36:00,2023-01-09 09:06:00
2023-01-09,010,V,A72037,2023-01-09 08:42:12,2023-01-09 08:58:53,4.902,2023-01-09 08:39:00,2023-01-09 09:09:00
2023-01-09,010,V,A72085,2023-01-09 09:12:48,2023-01-09 09:30:29,4.902,2023-01-09 09:08:00,2023-01-09 09:33:00
2023-01-09,010,I,A72037,2023-01-09 09:13:53,2023-01-09 09:36:54,5.505,2023-01-09 09:12:00,2023-01-09 09:40:00
2023-01-09,010,I,A72085,2023-01-09 09:39:09,2023-01-09 10:01:50,5.505,2023-01-09 09:37:00,2023-01-09 10:06:00
2023-01-09,010,V,A72037,2023-01-09 09:45:54,2023-01-09 10:01:34,4.902,2023-01-09 09:41:00,2023-01-09 10:13:00
2023-01-09,010,V,A72085,2023-01-09 10:13:50,2023-01-09 10:32:31,4.902,2023-01-09 10:10:00,2023-01-09 10:38:00
2023-01-09,010,I,A72037,2023-01-09 10:21:55,2023-01-09 10:44:16,5.505,2023-01-09 10:18:00,2023-01-09 10:46:00
2023-01-09,010,I,A72085,2023-01-09 10:44:11,2023-01-09 11:06:12,5.505,2023-01-09 10:40:00,2023-01-09 11:08:00
2023-01-09,010,V,A72037,2023-01-09 10:51:36,2023-01-09 11:06:37,4.902,2023-01-09 10:47:00,2023-01-09 11:12:00
2023-01-09,010,V,A72085,2023-01-09 11:13:12,2023-01-09 11:29:53,4.902,2023-01-09 11:09:00,2023-01-09 11:36:00
2023-01-09,010,I,A72037,2023-01-09 11:16:37,2023-01-09 11:39:58,5.505,2023-01-09 11:13:00,2023-01-09 11:42:00
2023-01-09,010,I,A72085,2023-01-09 11:41:59,2023-01-09 12:00:20,5.505,2023-01-09 11:39:00,2023-01-09 12:02:00
2023-01-09,010,V,A72037,2023-01-09 11:45:18,2023-01-09 12:00:58,4.902,2023-01-09 11:43:00,2023-01-09 12:07:00
2023-01-09,010,V,A72085,2023-01-09 12:07:40,2023-01-09 12:23:21,4.902,2023-01-09 12:04:00,2023-01-09 12:24:00
2023-01-09,010,I,A72037,2023-01-09 12:11:39,2023-01-09 12:35:59,5.505,2023-01-09 12:09:00,2023-01-09 12:40:00
2023-01-09,010,I,A72085,2023-01-09 12:29:02,2023-01-09 12:49:23,5.505,2023-01-09 12:27:00,2023-01-09 12:52:00
2023-01-09,010,V,A72037,2023-01-09 12:45:40,2023-01-09 12:57:40,4.902,2023-01-09 12:42:00,2023-01-09 13:04:00
2023-01-09,010,V,A72085,2023-01-09 12:58:03,2023-01-09 13:17:24,4.902,2023-01-09 12:55:00,2023-01-09 13:29:00
2023-01-09,010,I,A72037,2023-01-09 13:08:20,2023-01-09 13:29:41,5.505,2023-01-09 13:06:00,2023-01-09 13:33:00
2023-01-09,010,I,A72085,2023-01-09 13:33:41,2023-01-09 14:00:02,5.505,2023-01-09 13:31:00,2023-01-09 14:03:00
2023-01-09,010,V,A72037,2023-01-09 13:39:01,2023-01-09 13:54:22,4.902,2023-01-09 13:35:00,2023-01-09 14:08:00
2023-01-09,010,V,A72085,2023-01-09 14:10:52,2023-01-09 14:24:33,4.902,2023-01-09 14:07:00,2023-01-09 14:36:00
2023-01-09,010,I,A72037,2023-01-09 14:13:08,2023-01-09 14:40:29,5.505,2023-01-09 14:10:00,2023-01-09 14:43:00
2023-01-09,010,I,A72085,2023-01-09 14:36:58,2023-01-09 15:04:39,5.505,2023-01-09 14:36:00,2023-01-09 15:07:00
2023-01-09,010,V,A72037,2023-01-09 14:49:29,2023-01-09 15:11:10,4.902,2023-01-09 14:46:00,2023-01-09 15:19:00
2023-01-09,010,V,A72085,2023-01-09 15:11:59,2023-01-09 15:27:39,4.902,2023-01-09 15:08:00,2023-01-09 15:35:00
2023-01-09,010,I,A72037,2023-01-09 15:25:31,2023-01-09 15:48:11,5.505,2023-01-09 15:21:00,2023-01-09 15:51:00
2023-01-09,010,I,A72085,2023-01-09 15:40:57,2023-01-09 16:00:38,5.505,2023-01-09 15:38:00,2023-01-09 16:03:00
2023-01-09,010,V,A72037,2023-01-09 15:57:32,2023-01-09 16:14:32,4.902,2023-01-09 15:52:00,2023-01-09 16:19:00
2023-01-09,010,V,A72085,2023-01-09 16:10:16,2023-01-09 16:31:57,4.902,2023-01-09 16:07:00,2023-01-09 16:40:00
2023-01-09,010,I,A72037,2023-01-09 16:23:21,2023-01-09 16:55:02,5.505,2023-01-09 16:22:00,2023-01-09 16:59:00
2023-01-09,010,I,A72085,2023-01-09 16:45:11,2023-01-09 17:10:52,5.505,2023-01-09 16:43:00,2023-01-09 17:15:00
2023-01-09,010,V,A72037,2023-01-09 17:05:42,2023-01-09 17:24:23,4.902,2023-01-09 17:01:00,2023-01-09 17:32:00
2023-01-09,010,V,A72085,2023-01-09 17:21:32,2023-01-09 17:40:53,4.902,2023-01-09 17:17:00,2023-01-09 17:49:00
2023-01-09,010,I,A72037,2023-01-09 17:37:23,2023-01-09 18:06:44,5.505,2023-01-09 17:34:00,2023-01-09 18:09:00
2023-01-09,010,I,A72085,2023-01-09 17:54:14,2023-01-09 18:17:15,5.505,2023-01-09 17:52:00,2023-01-09 18:20:00
2023-01-09,010,V,A72037,2023-01-09 18:15:44,2023-01-09 18:37:05,4.902,2023-01-09 18:12:00,2023-01-09 18:47:00
2023-01-09,010,V,A72085,2023-01-09 18:25:55,2023-01-09 18:39:35,4.902,2023-01-09 18:22:00,2023-01-09 19:01:00
2023-01-09,010,I,A72037,2023-01-09 18:53:16,2023-01-09 19:20:37,5.505,2023-01-09 18:51:00,2023-01-09 19:23:00
2023-01-09,010,I,A72085,2023-01-09 19:05:12,2023-01-09 19:24:53,5.505,2023-01-09 19:03:00,2023-01-09 19:27:00
2023-01-09,010,V,A72037,2023-01-09 19:27:57,2023-01-09 19:40:18,4.902,2023-01-09 19:25:00,2023-01-09 19:49:00
2023-01-09,010,V,A72085,2023-01-09 19:45:04,2023-01-09 19:58:04,4.902,2023-01-09 19:42:00,2023-01-09 20:07:00
2023-01-09,010,I,A72037,2023-01-09 19:51:48,2023-01-09 20:08:49,5.505,2023-01-09 19:50:00,2023-01-09 20:10:00
2023-01-09,010,I,A72085,2023-01-09 20:11:06,2023-01-09 20:26:06,5.505,2023-01-09 20:09:00,2023-01-09 20:28:00
2023-01-09,010,V,A72037,2023-01-09 20:15:09,2023-01-09 20:24:29,4.902,2023-01-09 20:13:00,2023-01-09 20:30:00
2023-01-09,010,V,A72085,2023-01-09 20:31:46,2023-01-09 20:44:47,4.902,2023-01-09 20:30:00,2023-01-09 20:54:00
2023-01-09,010,I,A72037,2023-01-09 20:33:51,2023-01-09 20:48:12,5.505,2023-01-09 20:32:00,2023-01-09 20:50:00
2023-01-09,010,I,A72085,2023-01-09 20:56:16,2023-01-09 21:09:56,5.505,2023-01-09 20:55:00,2023-01-09 21:14:00
2023-01-09,010,V,A72037,2023-01-09 20:58:58,2023-01-09 21:08:18,4.902,,
2023-01-09,010,V,A72085,2023-01-09 21:21:09,2023-01-09 21:34:10,4.902,,
2023-01-10,010,I,A72037,2023-01-10 06:04:13,2023-01-10 06:17:33,5.505,2023-01-10 06:03:00,2023-01-10 06:18:00
2023-01-10,010,I,A72085,2023-01-10 06:31:10,2023-01-10 06:45:50,5.505,2023-01-10 06:29:00,2023-01-10 06:48:00
2023-01-10,010,V,A72037,2023-01-10 06:33:44,2023-01-10 06:45:24,4.902,2023-01-10 06:30:00,2023-01-10 07:00:00
2023-01-10,010,V,A72085,2023-01-10 07:01:31,2023-01-10 07:14:52,4.902,2023-01-10 06:58:00,2023-01-10 07:28:00
2023-01-10,010,I,A72037,2023-01-10 07:05:18,2023-01-10 07:21:59,5.505,2023-01-10 07:03:00,2023-01-10 07:24:00
2023-01-10,010,I,A72085,2023-01-10 07:32:16,2023-01-10 07:50:36,5.505,2023-01-10 07:30:00,2023-01-10 07:54:00
2023-01-10,010,V,A72037,2023-01-10 07:33:19,2023-01-10 07:50:20,4.902,2023-01-10 07:29:00,2023-01-10 08:02:00
2023-01-10,010,V,A72085,2023-01-10 08:03:06,2023-01-10 08:20:27,4.902,2023-01-10 07:59:00,2023-01-10 08:29:00
2023-01-10,010,I,A72037,2023-01-10 08:08:34,2023-01-10 08:27:55,5.505,2023-01-10 08:06:00,2023-01-10 08:30:00
2023-01-10,010,I,A72085,2023-01-10 08:35:20,2023-01-10 09:04:00,5.505,2023-01-10 08:33:00,2023-01-10 09:07:00
2023-01-10,010,V,A72037,2023-01-10 08:36:35,2023-01-10 08:52:16,4.902,2023-01-10 08:32:00,2023-01-10 09:00:00
2023-01-10,010,I,A72037,2023-01-10 09:07:36,2023-01-10 09:53:38,5.505,2023-01-10 09:03:00,2023-01-10 09:56:00
2023-01-10,010,V,A72085,2023-01-10 09:13:21,2023-01-10 09:26:21,4.902,2023-01-10 09:09:00,2023-01-10 09:30:00
2023-01-10,010,I,A72085,2023-01-10 09:36:01,2023-01-10 10:06:02,5.505,2023-01-10 09:32:00,2023-01-10 10:10:00
2023-01-10,010,V,A72037,2023-01-10 10:02:58,2023-01-10 10:23:39,4.902,2023-01-10 09:57:00,2023-01-10 10:35:00
2023-01-10,010,V,A72085,2023-01-10 10:17:03,2023-01-10 10:33:43,4.902,2023-01-10 10:11:00,2023-01-10 10:37:00
2023-01-10,010,I,A72037,2023-01-10 10:45:03,2023-01-10 11:22:05,5.505,2023-01-10 10:41:00,2023-01-10 11:26:00
2023-01-10,010,I,A72085,2023-01-10 10:46:04,2023-01-10 11:22:25,5.505,2023-01-10 10:42:00,2023-01-10 11:29:00
2023-01-10,010,V,A72037,2023-01-10 11:33:25,2023-01-10 11:53:46,4.902,2023-01-10 11:27:00,2023-01-10 12:03:00
2023-01-10,010,V,A72085,2023-01-10 11:49:07,2023-01-10 12:05:08,4.902,2023-01-10 11:45:00,2023-01-10 12:07:00
2023-01-10,010,I,A72037,2023-01-10 12:13:07,2023-01-10 12:35:27,5.505,2023-01-10 12:09:00,2023-01-10 12:38:00
2023-01-10,010,I,A72085,2023-01-10 12:21:03,2023-01-10 12:44:24,5.505,2023-01-10 12:18:00,2023-01-10 12:46:00
2023-01-10,010,V,A72037,2023-01-10 12:43:28,2023-01-10 13:00:48,4.902,2023-01-10 12:40:00,2023-01-10 13:21:00
2023-01-10,010,V,A72085,2023-01-10 13:07:39,2023-01-10 13:35:45,4.902,2023-01-10 13:03:00,2023-01-10 13:49:00
2023-01-10,010,I,A72037,2023-01-10 13:26:40,2023-01-10 13:52:01,5.505,2023-01-10 13:25:00,2023-01-10 13:55:00
2023-01-10,010,I,A72085,2023-01-10 13:56:34,2023-01-10 14:20:34,5.505,2023-01-10 13:53:00,2023-01-10 14:25:00
2023-01-10,010,V,A72037,2023-01-10 14:01:41,2023-01-10 14:17:21,4.902,2023-01-10 13:58:00,2023-01-10 14:24:00
2023-01-10,010,V,A72085,2023-01-10 14:31:15,2023-01-10 14:47:16,4.902,2023-01-10 14:27:00,2023-01-10 14:52:00
2023-01-10,010,I,A72037,2023-01-10 14:31:56,2023-01-10 14:53:57,5.505,2023-01-10 14:30:00,2023-01-10 14:56:00
2023-01-10,010,I,A72085,2023-01-10 14:59:16,2023-01-10 15:26:35,5.505,2023-01-10 14:56:00,2023-01-10 15:29:00
2023-01-10,010,V,A72037,2023-01-10 15:01:37,2023-01-10 15:22:38,4.902,2023-01-10 14:58:00,2023-01-10 15:29:00
2023-01-10,010,I,A72037,2023-01-10 15:32:51,2023-01-10 15:54:52,5.505,2023-01-10 15:30:00,2023-01-10 15:57:00
2023-01-10,010,V,A72085,2023-01-10 15:33:35,2023-01-10 15:50:56,4.902,2023-01-10 15:31:00,2023-01-10 15:56:00
2023-01-10,010,I,A72085,2023-01-10 16:00:56,2023-01-10 16:23:57,5.505,2023-01-10 15:59:00,2023-01-10 16:26:00
2023-01-10,010,V,A72037,2023-01-10 16:06:19,2023-01-10 16:21:00,4.902,2023-01-10 16:01:00,2023-01-10 16:27:00
2023-01-10,010,I,A72037,2023-01-10 16:30:53,2023-01-10 16:57:14,5.505,2023-01-10 16:28:00,2023-01-10 17:00:00
2023-01-10,010,V,A72085,2023-01-10 16:31:37,2023-01-10 16:44:58,4.902,2023-01-10 16:27:00,2023-01-10 16:52:00
2023-01-10,010,I,A72085,2023-01-10 16:57:16,2023-01-10 17:26:17,5.505,2023-01-10 16:54:00,2023-01-10 17:31:00
2023-01-10,010,V,A72037,2023-01-10 17:05:54,2023-01-10 17:28:55,4.902,2023-01-10 17:02:00,2023-01-10 17:39:00
2023-01-10,010,V,A72085,2023-01-10 17:34:17,2023-01-10 17:53:58,4.902,2023-01-10 17:31:00,2023-01-10 18:04:00
2023-01-10,010,I,A72037,2023-01-10 17:43:05,2023-01-10 18:16:26,5.505,2023-01-10 17:41:00,2023-01-10 18:21:00
2023-01-10,010,I,A72085,2023-01-10 18:10:03,2023-01-10 18:40:24,5.505,2023-01-10 18:08:00,2023-01-10 18:43:00
2023-01-10,010,V,A72037,2023-01-10 18:25:06,2023-01-10 18:42:27,4.902,2023-01-10 18:22:00,2023-01-10 18:50:00
2023-01-10,010,V,A72085,2023-01-10 18:48:05,2023-01-10 19:03:05,4.902,2023-01-10 18:45:00,2023-01-10 19:09:00
2023-01-10,010,I,A72037,2023-01-10 18:52:10,2023-01-10 19:18:11,5.505,2023-01-10 18:50:00,2023-01-10 19:21:00
2023-01-10,010,I,A72085,2023-01-10 19:12:25,2023-01-10 19:32:26,5.505,2023-01-10 19:10:00,2023-01-10 19:35:00
2023-01-10,010,V,A72037,2023-01-10 19:26:31,2023-01-10 19:40:52,4.902,2023-01-10 19:24:00,2023-01-10 19:47:00
2023-01-10,010,V,A72085,2023-01-10 19:38:06,2023-01-10 19:49:47,4.902,2023-01-10 19:36:00,2023-01-10 19:56:00
2023-01-10,010,I,A72037,2023-01-10 19:50:58,2023-01-10 20:09:19,5.505,2023-01-10 19:49:00,2023-01-10 20:11:00
2023-01-10,010,I,A72085,2023-01-10 19:58:39,2023-01-10 20:16:19,5.505,2023-01-10 19:57:00,2023-01-10 20:20:00
2023-01-10,010,V,A72037,2023-01-10 20:14:19,2023-01-10 20:24:59,4.902,2023-01-10 20:12:00,2023-01-10 20:33:00
2023-01-10,010,V,A72085,2023-01-10 20:24:20,2023-01-10 20:39:00,4.902,,
2023-01-10,010,I,A72037,2023-01-10 20:35:37,2023-01-10 20:53:58,5.505,2023-01-10 20:34:00,2023-01-10 20:55:00
2023-01-10,010,V,A72037,2023-01-10 20:57:58,2023-01-10 21:08:58,4.902,,
2023-01-11,010,I,A72085,2023-01-11 06:07:55,2023-01-11 06:21:15,5.505,2023-01-11 06:04:00,2023-01-11 06:22:00
2023-01-11,010,V,A72085,2023-01-11 06:33:05,2023-01-11 06:47:45,4.902,2023-01-11 06:30:00,2023-01-11 06:57:00
2023-01-11,010,I,A72048,2023-01-11 06:46:36,2023-01-11 07:03:36,5.505,2023-01-11 06:45:00,2023-01-11 07:04:00
2023-01-11,010,I,A72085,2023-01-11 07:02:17,2023-01-11 07:15:58,5.505,2023-01-11 07:00:00,2023-01-11 07:18:00
2023-01-11,010,V,A72048,2023-01-11 07:09:37,2023-01-11 07:23:57,4.902,2023-01-11 07:06:00,2023-01-11 07:32:00
2023-01-11,010,V,A72085,2023-01-11 07:33:08,2023-01-11 07:47:48,4.902,2023-01-11 07:28:00,2023-01-11 08:01:00
2023-01-11,010,I,A72048,2023-01-11 07:37:02,2023-01-11 07:59:43,5.505,2023-01-11 07:34:00,2023-01-11 08:02:00
2023-01-11,010,I,A72085,2023-01-11 08:06:47,2023-01-11 08:25:48,5.505,2023-01-11 08:04:00,2023-01-11 08:28:00
2023-01-11,010,V,A72048,2023-01-11 08:09:23,2023-01-11 08:27:44,4.902,2023-01-11 08:05:00,2023-01-11 08:35:00
2023-01-11,010,V,A72085,2023-01-11 08:33:28,2023-01-11 08:52:29,4.902,2023-01-11 08:30:00,2023-01-11 08:58:00
2023-01-11,010,I,A72048,2023-01-11 08:38:39,2023-01-11 09:03:29,5.505,2023-01-11 08:36:00,2023-01-11 09:06:00
2023-01-11,010,I,A72085,2023-01-11 09:04:27,2023-01-11 09:23:47,5.505,2023-01-11 09:00:00,2023-01-11 09:26:00
2023-01-11,010,V,A72048,2023-01-11 09:13:30,2023-01-11 09:30:51,4.902,2023-01-11 09:09:00,2023-01-11 09:37:00
2023-01-11,010,V,A72085,2023-01-11 09:31:28,2023-01-11 09:43:48,4.902,2023-01-11 09:28:00,2023-01-11 09:56:00
2023-01-11,010,I,A72048,2023-01-11 09:42:37,2023-01-11 10:05:58,5.505,2023-01-11 09:40:00,2023-01-11 10:08:00
2023-01-11,010,I,A72085,2023-01-11 10:00:57,2023-01-11 10:27:38,5.505,2023-01-11 09:59:00,2023-01-11 10:30:00
2023-01-11,010,V,A72048,2023-01-11 10:13:58,2023-01-11 10:35:39,4.902,2023-01-11 10:10:00,2023-01-11 10:44:00
2023-01-11,010,V,A72085,2023-01-11 10:36:58,2023-01-11 10:55:19,4.902,2023-01-11 10:31:00,2023-01-11 11:01:00
2023-01-11,010,I,A72048,2023-01-11 10:49:49,2023-01-11 11:09:29,5.505,2023-01-11 10:47:00,2023-01-11 11:12:00
2023-01-11,010,I,A72085,2023-01-11 11:10:28,2023-01-11 11:31:29,5.505,2023-01-11 11:06:00,2023-01-11 11:34:00
2023-01-11,010,V,A72048,2023-01-11 11:18:50,2023-01-11 11:31:51,4.902,2023-01-11 11:14:00,2023-01-11 11:41:00
2023-01-11,010,V,A72085,2023-01-11 11:39:49,2023-01-11 11:56:50,4.902,2023-01-11 11:35:00,2023-01-11 11:58:00
2023-01-11,010,I,A72048,2023-01-11 11:46:26,2023-01-11 12:11:27,5.505,2023-01-11 11:43:00,2023-01-11 12:14:00
2023-01-11,010,I,A72085,2023-01-11 12:06:10,2023-01-11 12:29:51,5.505,2023-01-11 12:02:00,2023-01-11 12:32:00
2023-01-11,010,V,A72048,2023-01-11 12:20:07,2023-01-11 12:36:48,4.902,2023-01-11 12:16:00,2023-01-11 12:44:00
2023-01-11,010,V,A72085,2023-01-11 12:37:31,2023-01-11 12:51:32,4.902,2023-01-11 12:33:00,2023-01-11 13:01:00
2023-01-11,010,I,A72048,2023-01-11 12:49:14,2023-01-11 13:15:55,5.505,2023-01-11 12:46:00,2023-01-11 13:19:00
2023-01-11,010,I,A72085,2023-01-11 13:05:13,2023-01-11 13:25:54,5.505,2023-01-11 13:02:00,2023-01-11 13:29:00
2023-01-11,010,V,A72048,2023-01-11 13:24:15,2023-01-11 13:37:36,4.902,2023-01-11 13:20:00,2023-01-11 13:49:00
2023-01-11,010,V,A72085,2023-01-11 13:39:52,2023-01-11 13:53:52,4.902,2023-01-11 13:36:00,2023-01-11 14:09:00
2023-01-11,010,I,A72048,2023-01-11 13:53:55,2023-01-11 14:16:36,5.505,2023-01-11 13:51:00,2023-01-11 14:19:00
2023-01-11,010,I,A72085,2023-01-11 14:14:58,2023-01-11 14:36:19,5.505,2023-01-11 14:12:00,2023-01-11 14:39:00
2023-01-11,010,V,A72048,2023-01-11 14:24:36,2023-01-11 14:40:16,4.902,2023-01-11 14:21:00,2023-01-11 14:50:00
2023-01-11,010,V,A72085,2023-01-11 14:43:19,2023-01-11 14:58:39,4.902,2023-01-11 14:40:00,2023-01-11 15:04:00
2023-01-11,010,I,A72048,2023-01-11 15:00:24,2023-01-11 15:24:25,5.505,2023-01-11 14:57:00,2023-01-11 15:29:00
2023-01-11,010,I,A72085,2023-01-11 15:10:33,2023-01-11 15:31:53,5.505,2023-01-11 15:07:00,2023-01-11 15:34:00
2023-01-11,010,V,A72048,2023-01-11 15:36:05,2023-01-11 15:53:26,4.902,2023-01-11 15:31:00,2023-01-11 15:59:00
2023-01-11,010,V,A72085,2023-01-11 15:40:14,2023-01-11 15:54:54,4.902,2023-01-11 15:36:00,2023-01-11 16:14:00
2023-01-11,010,I,A72048,2023-01-11 16:03:12,2023-01-11 16:27:52,5.505,2023-01-11 16:00:00,2023-01-11 16:33:00
2023-01-11,010,I,A72085,2023-01-11 16:19:20,2023-01-11 16:46:21,5.505,2023-01-11 16:16:00,2023-01-11 16:49:00
2023-01-11,010,V,A72048,2023-01-11 16:38:13,2023-01-11 17:02:54,4.902,2023-01-11 16:34:00,2023-01-11 17:09:00
2023-01-11,010,V,A72085,2023-01-11 16:56:01,2023-01-11 17:15:22,4.902,2023-01-11 16:51:00,2023-01-11 17:24:00
2023-01-11,010,I,A72048,2023-01-11 17:15:49,2023-01-11 17:46:10,5.505,2023-01-11 17:13:00,2023-01-11 17:49:00
2023-01-11,010,I,A72085,2023-01-11 17:27:12,2023-01-11 17:54:13,5.505,2023-01-11 17:25:00,2023-01-11 17:57:00
2023-01-11,010,V,A72048,2023-01-11 17:54:30,2023-01-11 18:11:51,4.902,2023-01-11 17:51:00,2023-01-11 18:21:00
2023-01-11,010,V,A72085,2023-01-11 18:00:53,2023-01-11 18:14:14,4.902,2023-01-11 17:58:00,2023-01-11 18:31:00
2023-01-11,010,I,A72048,2023-01-11 18:29:00,2023-01-11 18:53:20,5.505,2023-01-11 18:25:00,2023-01-11 18:57:00
2023-01-11,010,I,A72085,2023-01-11 18:35:04,2023-01-11 18:54:05,5.505,2023-01-11 18:33:00,2023-01-11 18:57:00
2023-01-11,010,V,A72085,2023-01-11 19:00:05,2023-01-11 19:12:45,4.902,2023-01-11 18:58:00,2023-01-11 19:21:00
2023-01-11,010,V,A72048,2023-01-11 19:00:41,2023-01-11 19:14:41,4.902,2023-01-11 18:59:00,2023-01-11 19:30:00
2023-01-11,010,I,A72085,2023-01-11 19:30:27,2023-01-11 19:50:48,5.505,2023-01-11 19:27:00,2023-01-11 19:53:00
2023-01-11,010,I,A72048,2023-01-11 19:33:04,2023-01-11 19:48:24,5.505,2023-01-11 19:30:00,2023-01-11 19:51:00
2023-01-11,010,V,A72048,2023-01-11 19:54:05,2023-01-11 20:10:06,4.902,2023-01-11 19:52:00,2023-01-11 20:16:00
2023-01-11,010,V,A72085,2023-01-11 20:06:15,2023-01-11 20:17:15,4.902,2023-01-11 20:03:00,2023-01-11 20:24:00
2023-01-11,010,I,A72048,2023-01-11 20:19:17,2023-01-11 20:36:17,5.505,2023-01-11 20:17:00,2023-01-11 20:37:00
2023-01-11,010,I,A72085,2023-01-11 20:28:15,2023-01-11 20:42:36,5.505,2023-01-11 20:26:00,2023-01-11 20:45:00
2023-01-11,010,V,A72048,2023-01-11 20:40:37,2023-01-11 20:54:18,4.902,2023-01-11 20:38:00,2023-01-11 21:03:00
2023-01-11,010,V,A72085,2023-01-11 20:56:10,2023-01-11 21:05:31,4.902,,
2023-01-11,010,I,A72048,2023-01-11 21:06:53,2023-01-11 21:20:54,5.505,2023-01-11 21:05:00,2023-01-11 21:22:00
2023-01-11,010,V,A72048,2023-01-11 21:25:34,2023-01-11 21:35:34,4.902,,
2023-01-12,010,I,A72048,2023-01-12 06:06:38,2023-01-12 06:18:58,5.505,2023-01-12 06:04:00,2023-01-12 06:20:00
2023-01-12,010,V,A72048,2023-01-12 06:32:07,2023-01-12 06:48:28,4.902,2023-01-12 06:30:00,2023-01-12 07:02:00
2023-01-12,010,I,A72085,2023-01-12 06:36:48,2023-01-12 06:53:29,5.505,2023-01-12 06:34:00,2023-01-12 06:56:00
2023-01-12,010,I,A72048,2023-01-12 07:06:15,2023-01-12 07:21:56,5.505,2023-01-12 07:03:00,2023-01-12 07:25:00
2023-01-12,010,V,A72085,2023-01-12 07:10:18,2023-01-12 07:28:19,4.902,2023-01-12 07:05:00,2023-01-12 07:35:00
2023-01-12,010,V,A72048,2023-01-12 07:31:36,2023-01-12 07:45:17,4.902,2023-01-12 07:27:00,2023-01-12 07:55:00
2023-01-12,010,I,A72085,2023-01-12 07:42:39,2023-01-12 08:01:40,5.505,2023-01-12 07:40:00,2023-01-12 08:05:00
2023-01-12,010,I,A72048,2023-01-12 08:00:48,2023-01-12 08:20:28,5.505,2023-01-12 07:59:00,2023-01-12 08:24:00
2023-01-12,010,V,A72085,2023-01-12 08:11:00,2023-01-12 08:33:41,4.902,2023-01-12 08:07:00,2023-01-12 08:41:00
2023-01-12,010,V,A72048,2023-01-12 08:34:09,2023-01-12 08:54:30,4.902,2023-01-12 08:28:00,2023-01-12 09:04:00
2023-01-12,010,I,A72085,2023-01-12 08:47:21,2023-01-12 09:05:42,5.505,2023-01-12 08:43:00,2023-01-12 09:08:00
2023-01-12,010,I,A72048,2023-01-12 09:09:06,2023-01-12 09:31:47,5.505,2023-01-12 09:06:00,2023-01-12 09:36:00
2023-01-12,010,V,A72085,2023-01-12 09:14:02,2023-01-12 09:34:03,4.902,2023-01-12 09:11:00,2023-01-12 09:43:00
2023-01-12,010,V,A72048,2023-01-12 09:43:27,2023-01-12 10:03:08,4.902,2023-01-12 09:38:00,2023-01-12 10:05:00
2023-01-12,010,I,A72085,2023-01-12 09:50:43,2023-01-12 10:11:44,5.505,2023-01-12 09:48:00,2023-01-12 10:15:00
2023-01-12,010,I,A72048,2023-01-12 10:11:08,2023-01-12 10:36:09,5.505,2023-01-12 10:08:00,2023-01-12 10:38:00
2023-01-12,010,V,A72085,2023-01-12 10:21:45,2023-01-12 10:36:45,4.902,2023-01-12 10:17:00,2023-01-12 10:41:00
2023-01-12,010,V,A72048,2023-01-12 10:43:49,2023-01-12 11:07:50,4.902,2023-01-12 10:40:00,2023-01-12 11:12:00
2023-01-12,010,I,A72085,2023-01-12 10:44:45,2023-01-12 11:07:26,5.505,2023-01-12 10:42:00,2023-01-12 11:10:00
2023-01-12,010,V,A72085,2023-01-12 11:15:26,2023-01-12 11:31:27,4.902,2023-01-12 11:11:00,2023-01-12 11:39:00
2023-01-12,010,I,A72048,2023-01-12 11:17:10,2023-01-12 11:36:11,5.505,2023-01-12 11:14:00,2023-01-12 11:39:00
2023-01-12,010,V,A72048,2023-01-12 11:43:41,2023-01-12 12:06:22,4.902,2023-01-12 11:40:00,2023-01-12 12:10:00
2023-01-12,010,I,A72085,2023-01-12 11:43:41,2023-01-12 12:07:22,5.505,2023-01-12 11:42:00,2023-01-12 12:10:00
2023-01-12,010,V,A72085,2023-01-12 12:16:02,2023-01-12 12:33:43,4.902,2023-01-12 12:11:00,2023-01-12 12:40:00
2023-01-12,010,I,A72048,2023-01-12 12:17:42,2023-01-12 12:38:03,5.505,2023-01-12 12:14:00,2023-01-12 12:40:00
2023-01-12,010,I,A72085,2023-01-12 12:45:43,2023-01-12 13:08:29,5.505,2023-01-12 12:43:00,2023-01-12 13:10:00
2023-01-12,010,V,A72048,2023-01-12 12:46:03,2023-01-12 13:02:03,4.902,2023-01-12 12:43:00,2023-01-12 13:03:00
2023-01-12,010,I,A72048,2023-01-12 13:08:04,2023-01-12 13:29:44,5.505,2023-01-12 13:05:00,2023-01-12 13:31:00
2023-01-12,010,V,A72085,2023-01-12 13:16:09,2023-01-12 13:32:49,4.902,2023-01-12 13:12:00,2023-01-12 13:42:00
2023-01-12,010,V,A72048,2023-01-12 13:35:24,2023-01-12 13:48:45,4.902,2023-01-12 13:32:00,2023-01-12 13:59:00
2023-01-12,010,I,A72085,2023-01-12 13:46:28,2023-01-12 14:10:09,5.505,2023-01-12 13:44:00,2023-01-12 14:12:00
2023-01-12,010,I,A72048,2023-01-12 14:04:00,2023-01-12 14:28:01,5.505,2023-01-12 14:01:00,2023-01-12 14:30:00
2023-01-12,010,V,A72085,2023-01-12 14:20:07,2023-01-12 14:40:48,4.902,2023-01-12 14:16:00,2023-01-12 14:48:00
2023-01-12,010,V,A72048,2023-01-12 14:35:22,2023-01-12 14:54:22,4.902,2023-01-12 14:32:00,2023-01-12 15:02:00
2023-01-12,010,I,A72085,2023-01-12 14:55:04,2023-01-12 15:19:45,5.505,2023-01-12 14:51:00,2023-01-12 15:23:00
2023-01-12,010,I,A72048,2023-01-12 15:06:18,2023-01-12 15:30:38,5.505,2023-01-12 15:03:00,2023-01-12 15:33:00
2023-01-12,010,V,A72085,2023-01-12 15:31:05,2023-01-12 15:49:46,4.902,2023-01-12 15:26:00,2023-01-12 15:57:00
2023-01-12,010,V,A72048,2023-01-12 15:37:39,2023-01-12 15:54:39,4.902,2023-01-12 15:34:00,2023-01-12 16:16:00
2023-01-12,010,I,A72085,2023-01-12 16:05:19,2023-01-12 16:30:40,5.505,2023-01-12 16:03:00,2023-01-12 16:35:00
2023-01-12,010,I,A72048,2023-01-12 16:21:18,2023-01-12 16:42:59,5.505,2023-01-12 16:18:00,2023-01-12 16:45:00
2023-01-12,010,V,A72085,2023-01-12 16:42:21,2023-01-12 17:01:01,4.902,2023-01-12 16:38:00,2023-01-12 17:08:00
2023-01-12,010,V,A72048,2023-01-12 16:57:49,2023-01-12 17:12:30,4.902,2023-01-12 16:54:00,2023-01-12 17:22:00
2023-01-12,010,I,A72085,2023-01-12 17:13:55,2023-01-12 17:40:55,5.505,2023-01-12 17:11:00,2023-01-12 17:46:00
2023-01-12,010,I,A72048,2023-01-12 17:24:32,2023-01-12 17:48:13,5.505,2023-01-12 17:22:00,2023-01-12 17:51:00
2023-01-12,010,V,A72085,2023-01-12 17:50:36,2023-01-12 18:09:16,4.902,2023-01-12 17:48:00,2023-01-12 18:17:00
2023-01-12,010,V,A72048,2023-01-12 17:55:53,2023-01-12 18:13:14,4.902,2023-01-12 17:52:00,2023-01-12 18:36:00
2023-01-12,010,I,A72085,2023-01-12 18:22:40,2023-01-12 18:52:35,5.505,2023-01-12 18:21:00,2023-01-12 18:58:00
2023-01-12,010,I,A72048,2023-01-12 18:39:36,2023-01-12 19:04:57,5.505,2023-01-12 18:38:00,2023-01-12 19:07:00
2023-01-12,010,V,A72085,2023-01-12 19:02:35,2023-01-12 19:16:56,4.902,2023-01-12 18:59:00,2023-01-12 19:23:00
2023-01-12,010,V,A72048,2023-01-12 19:15:48,2023-01-12 19:33:08,4.902,2023-01-12 19:12:00,2023-01-12 19:41:00
2023-01-12,010,I,A72085,2023-01-12 19:26:10,2023-01-12 19:52:31,5.505,2023-01-12 19:24:00,2023-01-12 19:55:00
2023-01-12,010,I,A72048,2023-01-12 19:45:57,2023-01-12 20:02:18,5.505,2023-01-12 19:44:00,2023-01-12 20:04:00
2023-01-12,010,V,A72085,2023-01-12 20:00:11,2023-01-12 20:18:32,4.902,2023-01-12 19:57:00,2023-01-12 20:26:00
2023-01-12,010,V,A72048,2023-01-12 20:15:45,2023-01-12 20:28:45,4.902,2023-01-12 20:12:00,2023-01-12 20:37:00
2023-01-12,010,I,A72085,2023-01-12 20:36:31,2023-01-12 20:48:12,5.505,2023-01-12 20:31:00,2023-01-12 20:49:00
2023-01-12,010,I,A72048,2023-01-12 20:40:19,2023-01-12 20:56:00,5.505,2023-01-12 20:38:00,2023-01-12 20:57:00
2023-01-12,010,V,A72085,2023-01-12 20:57:32,2023-01-12 21:11:12,4.902,2023-01-12 20:52:00,2023-01-12 21:18:00
2023-01-12,010,V,A72048,2023-01-12 21:02:40,2023-01-12 21:17:20,4.902,,
2023-01-12,010,I,A72085,2023-01-12 21:20:35,2023-01-12 21:37:16,5.505,,
2023-01-12,010,V,A72085,2023-01-12 21:41:36,2023-01-12 21:55:36,4.902,,
2023-01-13,010,I,A72048,2023-01-13 06:03:26,2023-01-13 06:15:46,5.505,2023-01-13 06:01:00,2023-01-13 06:18:00
2023-01-13,010,I,A72085,2023-01-13 06:32:08,2023-01-13 06:49:29,5.505,2023-01-13 06:30:00,2023-01-13 06:52:00
2023-01-13,010,V,A72048,2023-01-13 06:35:03,2023-01-13 06:48:43,4.902,2023-01-13 06:31:00,2023-01-13 07:00:00
2023-01-13,010,V,A72085,2023-01-13 07:00:49,2023-01-13 07:16:30,4.902,2023-01-13 06:54:00,2023-01-13 07:29:00
2023-01-13,010,I,A72048,2023-01-13 07:05:48,2023-01-13 07:20:08,5.505,2023-01-13 07:03:00,2023-01-13 07:22:00
2023-01-13,010,V,A72048,2023-01-13 07:34:04,2023-01-13 07:50:24,4.902,2023-01-13 07:30:00,2023-01-13 08:02:00
2023-01-13,010,I,A72085,2023-01-13 07:36:24,2023-01-13 07:51:45,5.505,2023-01-13 07:33:00,2023-01-13 07:54:00
2023-01-13,010,V,A72085,2023-01-13 08:05:05,2023-01-13 08:21:26,4.902,2023-01-13 07:57:00,2023-01-13 08:28:00
2023-01-13,010,I,A72048,2023-01-13 08:10:38,2023-01-13 08:29:39,5.505,2023-01-13 08:09:00,2023-01-13 08:32:00
2023-01-13,010,I,A72085,2023-01-13 08:33:40,2023-01-13 08:53:41,5.505,2023-01-13 08:31:00,2023-01-13 08:56:00
2023-01-13,010,V,A72048,2023-01-13 08:39:19,2023-01-13 08:55:20,4.902,2023-01-13 08:34:00,2023-01-13 08:59:00
2023-01-13,010,V,A72085,2023-01-13 09:02:01,2023-01-13 09:23:22,4.902,2023-01-13 08:58:00,2023-01-13 09:29:00
2023-01-13,010,I,A72048,2023-01-13 09:08:20,2023-01-13 09:27:41,5.505,2023-01-13 09:05:00,2023-01-13 09:30:00
2023-01-13,010,V,A72048,2023-01-13 09:37:02,2023-01-13 09:57:22,4.902,2023-01-13 09:33:00,2023-01-13 10:04:00
2023-01-13,010,I,A72085,2023-01-13 09:39:13,2023-01-13 10:03:33,5.505,2023-01-13 09:35:00,2023-01-13 10:04:00
2023-01-13,010,I,A72048,2023-01-13 10:10:23,2023-01-13 10:27:23,5.505,2023-01-13 10:07:00,2023-01-13 10:29:00
2023-01-13,010,V,A72085,2023-01-13 10:10:54,2023-01-13 10:23:14,4.902,2023-01-13 10:06:00,2023-01-13 10:29:00
2023-01-13,010,I,A72085,2023-01-13 10:32:54,2023-01-13 10:50:15,5.505,2023-01-13 10:30:00,2023-01-13 10:52:00
2023-01-13,010,V,A72048,2023-01-13 10:42:17,2023-01-13 10:59:57,4.902,2023-01-13 10:37:00,2023-01-13 11:06:00
2023-01-13,010,V,A72085,2023-01-13 11:01:56,2023-01-13 11:19:36,4.902,2023-01-13 10:58:00,2023-01-13 11:26:00
2023-01-13,010,I,A72048,2023-01-13 11:12:38,2023-01-13 11:34:38,5.505,2023-01-13 11:09:00,2023-01-13 11:37:00
2023-01-13,010,I,A72085,2023-01-13 11:30:30,2023-01-13 11:56:11,5.505,2023-01-13 11:29:00,2023-01-13 11:58:00
2023-01-13,010,V,A72048,2023-01-13 11:44:59,2023-01-13 12:05:39,4.902,2023-01-13 11:40:00,2023-01-13 12:09:00
2023-01-13,010,V,A72085,2023-01-13 12:05:11,2023-01-13 12:19:32,4.902,2023-01-13 11:59:00,2023-01-13 12:20:00
2023-01-13,010,I,A72048,2023-01-13 12:17:20,2023-01-13 12:39:20,5.505,2023-01-13 12:12:00,2023-01-13 12:43:00
2023-01-13,010,I,A72085,2023-01-13 12:32:32,2023-01-13 12:49:33,5.505,2023-01-13 12:30:00,2023-01-13 12:50:00
2023-01-13,010,V,A72048,2023-01-13 12:47:41,2023-01-13 13:04:21,4.902,2023-01-13 12:44:00,2023-01-13 13:08:00
2023-01-13,010,V,A72085,2023-01-13 13:03:30,2023-01-13 13:23:11,4.902,2023-01-13 13:01:00,2023-01-13 13:34:00
2023-01-13,010,I,A72048,2023-01-13 13:12:01,2023-01-13 13:36:02,5.505,2023-01-13 13:10:00,2023-01-13 13:39:00
2023-01-13,010,I,A72085,2023-01-13 13:37:25,2023-01-13 13:58:26,5.505,2023-01-13 13:35:00,2023-01-13 14:01:00
2023-01-13,010,V,A72048,2023-01-13 13:43:42,2023-01-13 14:02:43,4.902,2023-01-13 13:40:00,2023-01-13 14:12:00
2023-01-13,010,V,A72085,2023-01-13 14:11:26,2023-01-13 14:30:27,4.902,2023-01-13 14:04:00,2023-01-13 14:36:00
2023-01-13,010,I,A72048,2023-01-13 14:18:27,2023-01-13 14:43:48,5.505,2023-01-13 14:16:00,2023-01-13 14:46:00
2023-01-13,010,I,A72085,2023-01-13 14:42:27,2023-01-13 15:02:28,5.505,2023-01-13 14:37:00,2023-01-13 15:06:00
2023-01-13,010,V,A72048,2023-01-13 14:52:08,2023-01-13 15:09:49,4.902,2023-01-13 14:49:00,2023-01-13 15:19:00
2023-01-13,010,V,A72085,2023-01-13 15:11:48,2023-01-13 15:29:29,4.902,2023-01-13 15:08:00,2023-01-13 15:36:00
2023-01-13,010,I,A72048,2023-01-13 15:21:34,2023-01-13 15:42:15,5.505,2023-01-13 15:20:00,2023-01-13 15:45:00
2023-01-13,010,I,A72085,2023-01-13 15:40:41,2023-01-13 16:06:22,5.505,2023-01-13 15:38:00,2023-01-13 16:12:00
2023-01-13,010,V,A72048,2023-01-13 15:55:10,2023-01-13 16:08:50,4.902,2023-01-13 15:53:00,2023-01-13 16:16:00
2023-01-13,010,V,A72085,2023-01-13 16:17:23,2023-01-13 16:32:23,4.902,2023-01-13 16:13:00,2023-01-13 16:39:00
2023-01-13,010,I,A72048,2023-01-13 16:23:35,2023-01-13 16:50:35,5.505,2023-01-13 16:19:00,2023-01-13 16:54:00
2023-01-13,010,I,A72085,2023-01-13 16:45:13,2023-01-13 17:04:13,5.505,2023-01-13 16:42:00,2023-01-13 17:08:00
2023-01-13,010,V,A72048,2023-01-13 16:59:56,2023-01-13 17:19:36,4.902,2023-01-13 16:56:00,2023-01-13 17:24:00
2023-01-13,010,V,A72085,2023-01-13 17:11:54,2023-01-13 17:25:54,4.902,2023-01-13 17:09:00,2023-01-13 17:34:00
2023-01-13,010,I,A72048,2023-01-13 17:29:17,2023-01-13 17:54:18,5.505,2023-01-13 17:27:00,2023-01-13 17:58:00
2023-01-13,010,I,A72085,2023-01-13 17:38:33,2023-01-13 18:02:14,5.505,2023-01-13 17:36:00,2023-01-13 18:05:00
2023-01-13,010,V,A72048,2023-01-13 18:02:18,2023-01-13 18:15:38,4.902,2023-01-13 18:00:00,2023-01-13 18:22:00
2023-01-13,010,V,A72085,2023-01-13 18:08:54,2023-01-13 18:26:14,4.902,2023-01-13 18:06:00,2023-01-13 18:39:00
2023-01-13,010,I,A72048,2023-01-13 18:32:47,2023-01-13 19:00:08,5.505,2023-01-13 18:31:00,2023-01-13 19:03:00
2023-01-13,010,I,A72085,2023-01-13 18:42:31,2023-01-13 19:08:32,5.505,2023-01-13 18:41:00,2023-01-13 19:11:00
2023-01-13,010,V,A72048,2023-01-13 19:08:08,2023-01-13 19:22:29,4.902,2023-01-13 19:04:00,2023-01-13 19:30:00
2023-01-13,010,V,A72085,2023-01-13 19:15:52,2023-01-13 19:29:53,4.902,2023-01-13 19:12:00,2023-01-13 19:41:00
2023-01-13,010,I,A72048,2023-01-13 19:34:46,2023-01-13 19:52:06,5.505,2023-01-13 19:33:00,2023-01-13 19:53:00
2023-01-13,010,I,A72085,2023-01-13 19:45:35,2023-01-13 20:00:15,5.505,2023-01-13 19:43:00,2023-01-13 20:02:00
2023-01-13,010,V,A72048,2023-01-13 19:58:27,2023-01-13 20:12:07,4.902,2023-01-13 19:55:00,2023-01-13 20:19:00
2023-01-13,010,V,A72085,2023-01-13 20:06:15,2023-01-13 20:21:36,4.902,,
2023-01-13,010,I,A72048,2023-01-13 20:23:01,2023-01-13 20:40:02,5.505,2023-01-13 20:21:00,2023-01-13 20:43:00
2023-01-13,010,V,A72048,2023-01-13 20:50:02,2023-01-13 21:01:03,4.902,2023-01-13 20:46:00,2023-01-13 21:09:00
2023-01-13,010,I,A72048,2023-01-13 21:12:30,2023-01-13 21:32:11,5.505,2023-01-13 21:11:00,2023-01-13 21:35:00
2023-01-13,010,V,A72048,2023-01-13 21:46:11,2023-01-13 21:59:52,4.902,,
2023-01-14,010,I,A72085,2023-01-14 06:06:26,2023-01-14 06:21:46,5.505,2023-01-14 06:04:00,2023-01-14 06:22:00
2023-01-14,010,V,A72085,2023-01-14 06:33:00,2023-01-14 06:43:01,4.902,2023-01-14 06:31:00,2023-01-14 06:57:00
2023-01-14,010,I,A72085,2023-01-14 07:03:21,2023-01-14 07:16:42,5.505,2023-01-14 07:02:00,2023-01-14 07:18:00
2023-01-14,010,V,A72085,2023-01-14 07:32:33,2023-01-14 07:43:54,4.902,2023-01-14 07:30:00,2023-01-14 07:57:00
2023-01-14,010,I,A72085,2023-01-14 08:03:37,2023-01-14 08:17:18,5.505,2023-01-14 08:01:00,2023-01-14 08:18:00
2023-01-14,010,V,A72085,2023-01-14 08:36:02,2023-01-14 08:47:43,4.902,2023-01-14 08:32:00,2023-01-14 08:58:00
2023-01-14,010,I,A72085,2023-01-14 09:07:32,2023-01-14 09:25:13,5.505,2023-01-14 09:04:00,2023-01-14 09:30:00
2023-01-14,010,V,A72085,2023-01-14 09:37:13,2023-01-14 09:49:34,4.902,2023-01-14 09:32:00,2023-01-14 09:59:00
2023-01-14,010,I,A72085,2023-01-14 10:13:43,2023-01-14 10:30:23,5.505,2023-01-14 10:11:00,2023-01-14 10:32:00
2023-01-14,010,V,A72085,2023-01-14 10:37:43,2023-01-14 10:51:04,4.902,2023-01-14 10:34:00,2023-01-14 11:00:00
2023-01-14,010,I,A72085,2023-01-14 11:04:43,2023-01-14 11:23:03,5.505,2023-01-14 11:02:00,2023-01-14 11:26:00
2023-01-14,010,V,A72085,2023-01-14 11:39:04,2023-01-14 11:54:24,4.902,2023-01-14 11:34:00,2023-01-14 11:54:00
2023-01-14,010,I,A72085,2023-01-14 12:18:45,2023-01-14 12:35:06,5.505,2023-01-14 12:13:00,2023-01-14 12:39:00
2023-01-14,010,V,A72085,2023-01-14 12:44:46,2023-01-14 12:59:06,4.902,2023-01-14 12:41:00,2023-01-14 12:59:00
2023-01-14,010,I,A72085,2023-01-14 13:06:07,2023-01-14 13:23:07,5.505,2023-01-14 13:02:00,2023-01-14 13:27:00
2023-01-14,010,V,A72085,2023-01-14 13:31:47,2023-01-14 13:47:48,4.902,2023-01-14 13:29:00,2023-01-14 13:57:00
2023-01-14,010,I,A72085,2023-01-14 14:07:37,2023-01-14 14:31:58,5.505,2023-01-14 14:04:00,2023-01-14 14:34:00
2023-01-14,010,V,A72085,2023-01-14 14:40:38,2023-01-14 14:58:59,4.902,2023-01-14 14:36:00,2023-01-14 15:05:00
2023-01-14,010,I,A72085,2023-01-14 15:16:06,2023-01-14 15:29:27,5.505,2023-01-14 15:12:00,2023-01-14 15:34:00
2023-01-14,010,V,A72085,2023-01-14 15:39:07,2023-01-14 15:51:27,4.902,2023-01-14 15:36:00,2023-01-14 15:55:00
2023-01-14,010,I,A72085,2023-01-14 16:00:08,2023-01-14 16:14:48,5.505,2023-01-14 15:57:00,2023-01-14 16:18:00
2023-01-14,010,V,A72085,2023-01-14 16:25:28,2023-01-14 16:41:09,4.902,2023-01-14 16:21:00,2023-01-14 16:47:00
2023-01-14,010,I,A72085,2023-01-14 16:50:49,2023-01-14 17:04:49,5.505,2023-01-14 16:49:00,2023-01-14 17:09:00
2023-01-14,010,V,A72085,2023-01-14 17:14:59,2023-01-14 17:29:59,4.902,2023-01-14 17:11:00,2023-01-14 17:37:00
2023-01-14,010,I,A72085,2023-01-14 17:41:25,2023-01-14 17:55:06,5.505,2023-01-14 17:39:00,2023-01-14 17:58:00
2023-01-14,010,V,A72085,2023-01-14 18:03:46,2023-01-14 18:14:27,4.902,2023-01-14 18:00:00,2023-01-14 18:23:00
2023-01-14,010,I,A72085,2023-01-14 18:27:37,2023-01-14 18:43:18,5.505,2023-01-14 18:26:00,2023-01-14 18:46:00
2023-01-14,010,V,A72085,2023-01-14 18:52:38,2023-01-14 19:06:38,4.902,2023-01-14 18:47:00,2023-01-14 19:12:00
2023-01-14,010,I,A72085,2023-01-14 19:20:54,2023-01-14 19:34:35,5.505,,
2023-01-14,010,V,A72085,2023-01-14 19:40:35,2023-01-14 19:55:15,4.902,,
2023-01-14,010,I,A72085,2023-01-14 20:11:46,2023-01-14 20:24:26,5.505,2023-01-14 20:10:00,2023-01-14 20:27:00
2023-01-14,010,V,A72085,2023-01-14 20:32:07,2023-01-14 20:40:47,4.902,,
2023-01-15,010,I,A72085,2023-01-15 06:37:54,2023-01-15 06:50:34,5.505,2023-01-15 06:36:00,2023-01-15 06:52:00
2023-01-15,010,V,A72085,2023-01-15 06:54:54,2023-01-15 07:03:34,4.902,2023-01-15 06:52:00,2023-01-15 07:04:00
2023-01-15,010,I,A72085,2023-01-15 07:06:55,2023-01-15 07:17:15,5.505,2023-01-15 07:05:00,2023-01-15 07:19:00
2023-01-15,010,V,A72085,2023-01-15 07:35:22,2023-01-15 07:47:02,4.902,2023-01-15 07:20:00,2023-01-15 07:55:00
2023-01-15,010,I,A72085,2023-01-15 08:03:32,2023-01-15 08:15:12,5.505,2023-01-15 08:01:00,2023-01-15 08:17:00
2023-01-15,010,V,A72085,2023-01-15 08:31:13,2023-01-15 08:43:53,4.902,2023-01-15 08:27:00,2023-01-15 09:02:00
2023-01-15,010,I,A72085,2023-01-15 09:08:37,2023-01-15 09:20:17,5.505,2023-01-15 09:06:00,2023-01-15 09:24:00
2023-01-15,010,V,A72085,2023-01-15 09:35:39,2023-01-15 09:46:39,4.902,2023-01-15 09:32:00,2023-01-15 09:52:00
2023-01-15,010,I,A72085,2023-01-15 10:04:37,2023-01-15 10:16:37,5.505,2023-01-15 10:02:00,2023-01-15 10:19:00
2023-01-15,010,V,A72085,2023-01-15 10:30:31,2023-01-15 10:44:51,4.902,2023-01-15 10:25:00,2023-01-15 10:49:00
2023-01-15,010,I,A72085,2023-01-15 11:00:27,2023-01-15 11:10:27,5.505,2023-01-15 10:58:00,2023-01-15 11:13:00
2023-01-15,010,V,A72085,2023-01-15 11:26:51,2023-01-15 11:41:32,4.902,2023-01-15 11:23:00,2023-01-15 11:46:00
2023-01-15,010,I,A72085,2023-01-15 11:55:16,2023-01-15 12:11:37,5.505,2023-01-15 11:52:00,2023-01-15 12:17:00
2023-01-15,010,V,A72085,2023-01-15 12:32:07,2023-01-15 12:43:27,4.902,2023-01-15 12:27:00,2023-01-15 12:48:00
2023-01-15,010,I,A72085,2023-01-15 12:54:08,2023-01-15 13:07:48,5.505,2023-01-15 12:51:00,2023-01-15 13:10:00
2023-01-15,010,V,A72085,2023-01-15 13:27:52,2023-01-15 13:43:32,4.902,2023-01-15 13:22:00,2023-01-15 13:55:00
2023-01-15,010,I,A72085,2023-01-15 13:58:36,2023-01-15 14:13:17,5.505,2023-01-15 13:56:00,2023-01-15 14:16:00
2023-01-15,010,V,A72085,2023-01-15 14:25:57,2023-01-15 14:40:58,4.902,2023-01-15 14:22:00,2023-01-15 14:48:00
2023-01-15,010,I,A72085,2023-01-15 14:50:59,2023-01-15 15:06:59,5.505,2023-01-15 14:49:00,2023-01-15 15:09:00
2023-01-15,010,V,A72085,2023-01-15 15:18:20,2023-01-15 15:33:00,4.902,2023-01-15 15:10:00,2023-01-15 15:40:00
2023-01-15,010,I,A72085,2023-01-15 15:43:41,2023-01-15 16:01:32,5.505,2023-01-15 15:42:00,2023-01-15 16:05:00
2023-01-15,010,V,A72085,2023-01-15 16:14:13,2023-01-15 16:31:33,4.902,2023-01-15 16:11:00,2023-01-15 16:38:00
2023-01-15,010,I,A72085,2023-01-15 16:42:14,2023-01-15 16:57:34,5.505,2023-01-15 16:40:00,2023-01-15 17:00:00
2023-01-15,010,V,A72085,2023-01-15 17:05:54,2023-01-15 17:33:20,4.902,2023-01-15 17:01:00,2023-01-15 17:43:00
2023-01-15,010,I,A72085,2023-01-15 17:46:33,2023-01-15 18:06:13,5.505,2023-01-15 17:44:00,2023-01-15 18:08:00
2023-01-15,010,V,A72085,2023-01-15 18:13:54,2023-01-15 18:35:34,4.902,2023-01-15 18:09:00,2023-01-15 18:49:00
2023-01-15,010,I,A72085,2023-01-15 18:52:02,2023-01-15 19:11:03,5.505,2023-01-15 18:51:00,2023-01-15 19:14:00
2023-01-15,010,V,A72085,2023-01-15 19:18:23,2023-01-15 19:32:43,4.902,2023-01-15 19:16:00,2023-01-15 19:38:00
2023-01-15,010,I,A72085,2023-01-15 19:42:45,2023-01-15 19:57:06,5.505,2023-01-15 19:41:00,2023-01-15 19:59:00
2023-01-15,010,V,A72085,2023-01-15 20:08:57,2023-01-15 20:20:57,4.902,2023-01-15 20:06:00,2023-01-15 20:28:00
2023-01-15,010,I,A72085,2023-01-15 20:32:29,2023-01-15 20:50:30,5.505,2023-01-15 20:30:00,2023-01-15 20:53:00
2023-01-15,010,V,A72085,2023-01-15 21:01:50,2023-01-15 21:25:35,4.902,,
