data,servico_gabarito,sentido,id_veiculo,datetime_partida,datetime_chegada_gabarito,extensao,servico_solucao,id_viagem,datetime_chegada_solucao
2023-01-02,010,I,A72037,2023-01-02 06:07:00,2023-01-02 06:22:00,5.505,010,A72037-010-I-53gi-20230102060757,2023-01-02 06:19:58
2023-01-02,010,V,A72037,2023-01-02 06:29:00,2023-01-02 06:56:00,4.902,010,A72037-010-V-01o6-20230102063200,2023-01-02 06:43:21
2023-01-02,010,I,A72085,2023-01-02 06:33:00,2023-01-02 06:52:00,5.505,010,A72085-010-I-53gi-20230102063511,2023-01-02 06:47:51
2023-01-02,010,I,A72037,2023-01-02 06:58:00,2023-01-02 07:16:00,5.505,010,A72037-010-I-53gi-20230102070004,2023-01-02 07:13:44
2023-01-02,010,V,A72085,2023-01-02 07:03:00,2023-01-02 07:29:00,4.902,010,A72085-010-V-01o6-20230102070529,2023-01-02 07:21:50
2023-01-02,010,V,A72037,2023-01-02 07:28:00,2023-01-02 07:58:00,4.902,010,A72037-010-V-01o6-20230102073127,2023-01-02 07:47:47
2023-01-02,010,I,A72085,2023-01-02 07:31:00,2023-01-02 07:54:00,5.505,010,A72085-010-I-53gi-20230102073310,2023-01-02 07:50:11
2023-01-02,010,V,A72085,2023-01-02 08:02:00,2023-01-02 08:30:00,4.902,010,A72085-010-V-01o6-20230102080545,2023-01-02 08:25:06
2023-01-02,010,I,A72037,2023-01-02 08:02:00,2023-01-02 08:24:00,5.505,010,A72037-010-I-53gi-20230102080343,2023-01-02 08:22:04
2023-01-02,010,V,A72037,2023-01-02 08:31:00,2023-01-02 09:02:00,4.902,010,A72037-010-V-01o6-20230102083425,2023-01-02 08:49:45
2023-01-02,010,I,A72085,2023-01-02 08:31:00,2023-01-02 08:54:00,5.505,010,A72085-010-I-53gi-20230102083306,2023-01-02 08:52:47
2023-01-02,010,V,A72085,2023-01-02 09:03:00,2023-01-02 09:31:00,4.902,010,A72085-010-V-01o6-20230102090617,2023-01-02 09:21:18
2023-01-02,010,I,A72037,2023-01-02 09:05:00,2023-01-02 09:33:00,5.505,010,A72037-010-I-53gi-20230102090713,2023-01-02 09:29:14
2023-01-02,010,V,A72037,2023-01-02 09:34:00,2023-01-02 10:01:00,4.902,010,A72037-010-V-01o6-20230102093734,2023-01-02 09:51:55
2023-01-02,010,I,A72085,2023-01-02 09:36:00,2023-01-02 09:58:00,5.505,010,A72085-010-I-53gi-20230102093758,2023-01-02 09:56:39
2023-01-02,010,V,A72085,2023-01-02 10:00:00,2023-01-02 10:27:00,4.902,010,A72085-010-V-01o6-20230102100359,2023-01-02 10:20:40
2023-01-02,010,I,A72037,2023-01-02 10:03:00,2023-01-02 10:26:00,5.505,010,A72037-010-I-53gi-20230102100517,2023-01-02 10:24:38
2023-01-02,010,V,A72037,2023-01-02 10:30:00,2023-01-02 10:57:00,4.902,010,A72037-010-V-01o6-20230102103358,2023-01-02 10:49:39
2023-01-02,010,I,A72085,2023-01-02 10:32:00,2023-01-02 10:54:00,5.505,010,A72085-010-I-53gi-20230102103420,2023-01-02 10:52:21
2023-01-02,010,I,A72037,2023-01-02 10:58:00,2023-01-02 11:22:00,5.505,010,A72037-010-I-53gi-20230102110103,2023-01-02 11:20:44
2023-01-02,010,V,A72085,2023-01-02 11:02:00,2023-01-02 11:29:00,4.902,010,A72085-010-V-01o6-20230102110523,2023-01-02 11:18:43
2023-01-02,010,V,A72037,2023-01-02 11:29:00,2023-01-02 11:57:00,4.902,010,A72037-010-V-01o6-20230102113307,2023-01-02 11:46:47
2023-01-02,010,I,A72085,2023-01-02 11:33:00,2023-01-02 12:00:00,5.505,010,A72085-010-I-53gi-20230102113440,2023-01-02 11:58:00
2023-01-02,010,I,A72037,2023-01-02 11:59:00,2023-01-02 12:22:00,5.505,010,A72037-010-I-53gi-20230102120248,2023-01-02 12:20:08
2023-01-02,010,V,A72085,2023-01-02 12:06:00,2023-01-02 12:31:00,4.902,010,A72085-010-V-01o6-20230102120937,2023-01-02 12:21:17
2023-01-02,010,V,A72037,2023-01-02 12:33:00,2023-01-02 12:57:00,4.902,010,A72037-010-V-01o6-20230102123751,2023-01-02 12:51:11
2023-01-02,010,I,A72085,2023-01-02 12:38:00,2023-01-02 13:00:00,5.505,010,A72085-010-I-53gi-20230102123938,2023-01-02 12:58:18
2023-01-02,010,I,A72037,2023-01-02 12:59:00,2023-01-02 13:23:00,5.505,010,A72037-010-I-53gi-20230102130152,2023-01-02 13:20:32
2023-01-02,010,V,A72085,2023-01-02 13:06:00,2023-01-02 13:29:00,4.902,010,A72085-010-V-01o6-20230102130955,2023-01-02 13:24:15
2023-01-02,010,V,A72037,2023-01-02 13:30:00,2023-01-02 14:01:00,4.902,010,A72037-010-V-01o6-20230102133348,2023-01-02 13:44:49
2023-01-02,010,I,A72085,2023-01-02 13:32:00,2023-01-02 13:57:00,5.505,010,A72085-010-I-53gi-20230102133451,2023-01-02 13:54:52
2023-01-02,010,I,A72037,2023-01-02 14:04:00,2023-01-02 14:33:00,5.505,010,A72037-010-I-53gi-20230102140610,2023-01-02 14:28:51
2023-01-02,010,V,A72085,2023-01-02 14:05:00,2023-01-02 14:31:00,4.902,010,A72085-010-V-01o6-20230102140817,2023-01-02 14:20:58
2023-01-02,010,V,A72037,2023-01-02 14:34:00,2023-01-02 15:01:00,4.902,010,A72037-010-V-01o6-20230102143851,2023-01-02 14:54:51
2023-01-02,010,I,A72085,2023-01-02 14:34:00,2023-01-02 14:55:00,5.505,010,A72085-010-I-53gi-20230102143633,2023-01-02 14:52:34
2023-01-02,010,I,A72037,2023-01-02 15:02:00,2023-01-02 15:31:00,5.505,010,A72037-010-I-53gi-20230102150425,2023-01-02 15:26:46
2023-01-02,010,V,A72085,2023-01-02 15:06:00,2023-01-02 15:31:00,4.902,010,A72085-010-V-01o6-20230102150804,2023-01-02 15:19:05
2023-01-02,010,V,A72037,2023-01-02 15:32:00,2023-01-02 15:54:00,4.902,010,A72037-010-V-01o6-20230102153626,2023-01-02 15:48:47
2023-01-02,010,I,A72085,2023-01-02 15:34:00,2023-01-02 16:00:00,5.505,010,A72085-010-I-53gi-20230102153525,2023-01-02 15:56:46
2023-01-02,010,I,A72037,2023-01-02 15:55:00,2023-01-02 16:20:00,5.505,010,A72037-010-I-53gi-20230102155713,2023-01-02 16:16:33
2023-01-02,010,V,A72085,2023-01-02 16:06:00,2023-01-02 16:31:00,4.902,010,A72085-010-V-01o6-20230102161031,2023-01-02 16:24:11
2023-01-02,010,V,A72037,2023-01-02 16:28:00,2023-01-02 16:59:00,4.902,010,A72037-010-V-01o6-20230102162958,2023-01-02 16:47:39
2023-01-02,010,I,A72085,2023-01-02 16:34:00,2023-01-02 16:59:00,5.505,010,A72085-010-I-53gi-20230102163559,2023-01-02 16:56:40
2023-01-02,010,I,A72037,2023-01-02 17:02:00,2023-01-02 17:23:00,5.505,010,A72037-010-I-53gi-20230102170604,2023-01-02 17:21:05
2023-01-02,010,V,A72085,2023-01-02 17:12:00,2023-01-02 17:34:00,4.902,010,A72085-010-V-01o6-20230102171419,2023-01-02 17:27:20
2023-01-02,010,V,A72037,2023-01-02 17:27:00,2023-01-02 17:57:00,4.902,010,A72037-010-V-01o6-20230102173025,2023-01-02 17:46:26
2023-01-02,010,I,A72085,2023-01-02 17:40:00,2023-01-02 17:59:00,5.505,010,A72085-010-I-53gi-20230102174127,2023-01-02 17:56:48
2023-01-02,010,I,A72037,2023-01-02 18:02:00,2023-01-02 18:27:00,5.505,010,A72037-010-I-53gi-20230102180426,2023-01-02 18:25:07
2023-01-02,010,V,A72085,2023-01-02 18:05:00,2023-01-02 18:33:00,4.902,010,A72085-010-V-01o6-20230102180817,2023-01-02 18:23:18
2023-01-02,010,V,A72037,2023-01-02 18:31:00,2023-01-02 18:53:00,4.902,010,A72037-010-V-01o6-20230102183409,2023-01-02 18:46:50
2023-01-02,010,I,A72085,2023-01-02 18:36:00,2023-01-02 18:57:00,5.505,010,A72085-010-I-53gi-20230102183822,2023-01-02 18:55:22
2023-01-02,010,I,A72037,2023-01-02 18:56:00,2023-01-02 19:19:00,5.505,010,A72037-010-I-53gi-20230102185829,2023-01-02 19:16:50
2023-01-02,010,V,A72085,2023-01-02 19:08:00,2023-01-02 19:32:00,4.902,010,A72085-010-V-01o6-20230102191203,2023-01-02 19:24:04
2023-01-02,010,V,A72037,2023-01-02 19:24:00,2023-01-02 20:02:00,4.902,010,A72037-010-V-01o6-20230102192724,2023-01-02 19:50:25
2023-01-02,010,I,A72085,2023-01-02 19:35:00,2023-01-02 19:55:00,5.505,010,A72085-010-I-53gi-20230102193655,2023-01-02 19:52:36
2023-01-02,010,I,A72037,2023-01-02 20:03:00,2023-01-02 20:27:00,5.505,010,A72037-010-I-53gi-20230102200526,2023-01-02 20:24:26
2023-01-03,010,I,A72037,2023-01-03 06:03:00,2023-01-03 06:20:00,5.505,010,A72037-010-I-53gi-20230103060509,2023-01-03 06:17:49
2023-01-03,010,V,A72037,2023-01-03 06:31:00,2023-01-03 06:57:00,4.902,010,A72037-010-V-01o6-20230103063331,2023-01-03 06:47:31
2023-01-03,010,I,A72085,2023-01-03 06:32:00,2023-01-03 06:52:00,5.505,010,A72085-010-I-53gi-20230103063406,2023-01-03 06:50:26
2023-01-03,010,V,A72085,2023-01-03 06:58:00,2023-01-03 07:27:00,4.902,010,A72085-010-V-01o6-20230103070201,2023-01-03 07:15:42
2023-01-03,010,I,A72037,2023-01-03 06:59:00,2023-01-03 07:16:00,5.505,010,A72037-010-I-53gi-20230103070028,2023-01-03 07:14:08
2023-01-03,010,V,A72037,2023-01-03 07:29:00,2023-01-03 07:56:00,4.902,010,A72037-010-V-01o6-20230103073407,2023-01-03 07:47:47
2023-01-03,010,I,A72085,2023-01-03 07:33:00,2023-01-03 07:53:00,5.505,010,A72085-010-I-53gi-20230103073513,2023-01-03 07:50:34
2023-01-03,010,V,A72085,2023-01-03 07:59:00,2023-01-03 08:31:00,4.902,010,A72085-010-V-01o6-20230103080353,2023-01-03 08:20:14
2023-01-03,010,I,A72037,2023-01-03 08:02:00,2023-01-03 08:20:00,5.505,010,A72037-010-I-53gi-20230103080321,2023-01-03 08:18:21
2023-01-03,010,V,A72037,2023-01-03 08:30:00,2023-01-03 09:01:00,4.902,010,A72037-010-V-01o6-20230103083545,2023-01-03 08:54:46
2023-01-03,010,I,A72085,2023-01-03 08:35:00,2023-01-03 09:03:00,5.505,010,A72085-010-I-53gi-20230103083734,2023-01-03 08:58:35
2023-01-03,010,I,A72037,2023-01-03 09:05:00,2023-01-03 09:28:00,5.505,010,A72037-010-I-53gi-20230103090706,2023-01-03 09:24:47
2023-01-03,010,V,A72085,2023-01-03 09:06:00,2023-01-03 09:33:00,4.902,010,A72085-010-V-01o6-20230103091135,2023-01-03 09:30:36
2023-01-03,010,V,A72037,2023-01-03 09:30:00,2023-01-03 10:03:00,4.902,010,A72037-010-V-01o6-20230103093347,2023-01-03 09:47:08
2023-01-03,010,I,A72085,2023-01-03 09:36:00,2023-01-03 10:05:00,5.505,010,A72085-010-I-53gi-20230103093956,2023-01-03 10:00:37
2023-01-03,010,V,A72085,2023-01-03 10:07:00,2023-01-03 10:33:00,4.902,010,A72085-010-V-01o6-20230103101218,2023-01-03 10:29:38
2023-01-03,010,I,A72037,2023-01-03 10:08:00,2023-01-03 10:30:00,5.505,010,A72037-010-I-53gi-20230103100948,2023-01-03 10:28:29
2023-01-03,010,V,A72037,2023-01-03 10:32:00,2023-01-03 11:02:00,4.902,010,A72037-010-V-01o6-20230103103629,2023-01-03 10:52:50
2023-01-03,010,I,A72085,2023-01-03 10:40:00,2023-01-03 11:04:00,5.505,010,A72085-010-I-53gi-20230103104238,2023-01-03 11:00:19
2023-01-03,010,I,A72037,2023-01-03 11:07:00,2023-01-03 11:32:00,5.505,010,A72037-010-I-53gi-20230103111150,2023-01-03 11:30:11
2023-01-03,010,V,A72085,2023-01-03 11:07:00,2023-01-03 11:30:00,4.902,010,A72085-010-V-01o6-20230103111139,2023-01-03 11:27:40
2023-01-03,010,V,A72037,2023-01-03 11:34:00,2023-01-03 11:56:00,4.902,010,A72037-010-V-01o6-20230103113811,2023-01-03 11:50:12
2023-01-03,010,I,A72085,2023-01-03 11:36:00,2023-01-03 12:02:00,5.505,010,A72085-010-I-53gi-20230103113940,2023-01-03 12:00:21
2023-01-03,010,I,A72037,2023-01-03 12:01:00,2023-01-03 12:25:00,5.505,010,A72037-010-I-53gi-20230103120404,2023-01-03 12:21:44
2023-01-03,010,V,A72085,2023-01-03 12:04:00,2023-01-03 12:27:00,4.902,010,A72085-010-V-01o6-20230103120921,2023-01-03 12:26:02
2023-01-03,010,I,A72085,2023-01-03 12:29:00,2023-01-03 12:50:00,5.505,010,A72085-010-I-53gi-20230103123122,2023-01-03 12:48:43
2023-01-03,010,V,A72037,2023-01-03 12:32:00,2023-01-03 12:54:00,4.902,010,A72037-010-V-01o6-20230103123743,2023-01-03 12:49:23
2023-01-03,010,V,A72085,2023-01-03 12:51:00,2023-01-03 13:24:00,4.902,010,A72085-010-V-01o6-20230103125503,2023-01-03 13:09:43
2023-01-03,010,I,A72037,2023-01-03 12:57:00,2023-01-03 13:22:00,5.505,010,A72037-010-I-53gi-20230103130052,2023-01-03 13:20:33
2023-01-03,010,I,A72085,2023-01-03 13:27:00,2023-01-03 13:53:00,5.505,010,A72085-010-I-53gi-20230103132913,2023-01-03 13:50:33
2023-01-03,010,V,A72037,2023-01-03 13:31:00,2023-01-03 13:59:00,4.902,010,A72037-010-V-01o6-20230103133354,2023-01-03 13:46:54
2023-01-03,010,V,A72085,2023-01-03 13:54:00,2023-01-03 14:26:00,4.902,010,A72085-010-V-01o6-20230103135954,2023-01-03 14:17:54
2023-01-03,010,I,A72037,2023-01-03 14:00:00,2023-01-03 14:28:00,5.505,010,A72037-010-I-53gi-20230103140231,2023-01-03 14:26:52
2023-01-03,010,I,A72085,2023-01-03 14:29:00,2023-01-03 15:00:00,5.505,010,A72085-010-I-53gi-20230103143143,2023-01-03 14:57:04
2023-01-03,010,V,A72037,2023-01-03 14:33:00,2023-01-03 15:01:00,4.902,010,A72037-010-V-01o6-20230103143722,2023-01-03 14:54:22
2023-01-03,010,I,A72037,2023-01-03 15:05:00,2023-01-03 15:37:00,5.505,010,A72037-010-I-53gi-20230103150853,2023-01-03 15:30:13
2023-01-03,010,V,A72085,2023-01-03 15:07:00,2023-01-03 15:38:00,4.902,010,A72085-010-V-01o6-20230103151154,2023-01-03 15:30:15
2023-01-03,010,V,A72037,2023-01-03 15:38:00,2023-01-03 16:02:00,4.902,010,A72037-010-V-01o6-20230103154154,2023-01-03 15:55:35
2023-01-03,010,I,A72085,2023-01-03 15:40:00,2023-01-03 16:11:00,5.505,010,A72085-010-I-53gi-20230103154246,2023-01-03 16:07:07
2023-01-03,010,I,A72037,2023-01-03 16:03:00,2023-01-03 16:35:00,5.505,010,A72037-010-I-53gi-20230103160549,2023-01-03 16:32:30
2023-01-03,010,V,A72085,2023-01-03 16:13:00,2023-01-03 16:43:00,4.902,010,A72085-010-V-01o6-20230103161747,2023-01-03 16:33:28
2023-01-03,010,V,A72037,2023-01-03 16:36:00,2023-01-03 17:09:00,4.902,010,A72037-010-V-01o6-20230103163850,2023-01-03 16:54:31
2023-01-03,010,I,A72085,2023-01-03 16:44:00,2023-01-03 17:16:00,5.505,010,A72085-010-I-53gi-20230103164538,2023-01-03 17:11:18
2023-01-03,010,V,A72085,2023-01-03 17:18:00,2023-01-03 17:59:00,4.902,010,A72085-010-V-01o6-20230103172219,2023-01-03 17:41:19
2023-01-03,010,I,A72151,2023-01-03 17:50:00,2023-01-03 18:25:00,5.505,010,A72151-010-I-53gi-20230103175134,2023-01-03 18:22:35
2023-01-03,010,I,A72085,2023-01-03 18:02:00,2023-01-03 18:59:00,5.505,010,A72085-010-I-53gi-20230103180446,2023-01-03 18:55:08
2023-01-03,010,V,A72151,2023-01-03 18:27:00,2023-01-03 19:13:00,4.902,010,A72151-010-V-01o6-20230103183036,2023-01-03 18:59:52
2023-01-03,010,V,A72085,2023-01-03 19:01:00,2023-01-03 20:16:00,4.902,010,A72085-010-V-01o6-20230103190248,2023-01-03 20:01:50
2023-01-03,010,I,A72151,2023-01-03 19:19:00,2023-01-03 20:17:00,5.505,010,A72151-010-I-53gi-20230103193025,2023-01-03 20:15:42
2023-01-03,010,V,A72151,2023-01-03 20:18:00,2023-01-03 21:00:00,4.902,010,A72151-010-V-01o6-20230103202127,2023-01-03 20:45:28
2023-01-03,010,I,A72151,2023-01-03 21:03:00,2023-01-03 21:20:00,5.505,010,A72151-010-I-53gi-20230103210437,2023-01-03 21:18:38
2023-01-03,010,V,A72085,2023-01-03 21:18:00,2023-01-03 21:37:00,4.902,010,A72085-010-V-01o6-20230103214557,2023-01-03 21:56:58
2023-01-03,010,I,A72085,2023-01-03 21:20:00,2023-01-03 21:36:00,5.505,010,A72085-010-I-53gi-20230103212136,2023-01-03 21:35:16
2023-01-03,010,I,A72085,2023-01-03 21:38:00,2023-01-03 21:59:00,5.505,,,
2023-01-04,010,I,A72037,2023-01-04 06:00:00,2023-01-04 06:16:00,5.505,,,
2023-01-04,010,V,A72037,2023-01-04 06:28:00,2023-01-04 07:01:00,4.902,,,
2023-01-04,010,I,A72085,2023-01-04 06:30:00,2023-01-04 06:50:00,5.505,,,
2023-01-04,010,V,A72085,2023-01-04 06:59:00,2023-01-04 07:28:00,4.902,010,A72085-010-V-01o6-20230104070153,2023-01-04 07:14:14
2023-01-04,010,I,A72037,2023-01-04 07:03:00,2023-01-04 07:26:00,5.505,,,
2023-01-04,010,V,A72037,2023-01-04 07:29:00,2023-01-04 07:53:00,4.902,,,
2023-01-04,010,I,A72085,2023-01-04 07:30:00,2023-01-04 07:50:00,5.505,010,A72085-010-I-53gi-20230104073157,2023-01-04 07:48:17
2023-01-04,010,V,A72085,2023-01-04 07:59:00,2023-01-04 08:29:00,4.902,010,A72085-010-V-01o6-20230104080339,2023-01-04 08:22:40
2023-01-04,010,I,A72037,2023-01-04 08:01:00,2023-01-04 08:24:00,5.505,010,A72037-010-I-53gi-20230104080310,2023-01-04 08:22:11
2023-01-04,010,I,A72085,2023-01-04 08:32:00,2023-01-04 09:00:00,5.505,010,A72085-010-I-53gi-20230104083400,2023-01-04 08:56:41
2023-01-04,010,V,A72037,2023-01-04 08:33:00,2023-01-04 09:03:00,4.902,010,A72037-010-V-01o6-20230104083858,2023-01-04 08:57:58
2023-01-04,010,V,A72085,2023-01-04 09:03:00,2023-01-04 09:31:00,4.902,010,A72085-010-V-01o6-20230104090601,2023-01-04 09:22:02
2023-01-04,010,I,A72037,2023-01-04 09:07:00,2023-01-04 09:30:00,5.505,010,A72037-010-I-53gi-20230104090959,2023-01-04 09:28:19
2023-01-04,010,V,A72037,2023-01-04 09:32:00,2023-01-04 10:01:00,4.902,010,A72037-010-V-01o6-20230104093820,2023-01-04 09:56:40
2023-01-04,010,I,A72085,2023-01-04 09:34:00,2023-01-04 10:04:00,5.505,010,A72085-010-I-53gi-20230104093739,2023-01-04 10:02:20
2023-01-04,010,I,A72037,2023-01-04 10:05:00,2023-01-04 10:33:00,5.505,010,A72037-010-I-53gi-20230104100841,2023-01-04 10:28:42
2023-01-04,010,V,A72085,2023-01-04 10:07:00,2023-01-04 10:33:00,4.902,010,A72085-010-V-01o6-20230104101020,2023-01-04 10:28:01
2023-01-04,010,V,A72037,2023-01-04 10:34:00,2023-01-04 11:04:00,4.902,010,A72037-010-V-01o6-20230104104002,2023-01-04 10:59:22
2023-01-04,010,I,A72085,2023-01-04 10:35:00,2023-01-04 11:04:00,5.505,010,A72085-010-I-53gi-20230104103801,2023-01-04 11:01:02
2023-01-04,010,V,A72085,2023-01-04 11:06:00,2023-01-04 11:27:00,4.902,010,A72085-010-V-01o6-20230104111042,2023-01-04 11:25:03
2023-01-04,010,I,A72037,2023-01-04 11:08:00,2023-01-04 11:34:00,5.505,010,A72037-010-I-53gi-20230104111023,2023-01-04 11:32:24
2023-01-04,010,I,A72085,2023-01-04 11:30:00,2023-01-04 11:58:00,5.505,010,A72085-010-I-53gi-20230104113203,2023-01-04 11:56:04
2023-01-04,010,V,A72037,2023-01-04 11:37:00,2023-01-04 11:58:00,4.902,010,A72037-010-V-01o6-20230104114124,2023-01-04 11:54:44
2023-01-04,010,I,A72037,2023-01-04 12:02:00,2023-01-04 12:28:00,5.505,010,A72037-010-I-53gi-20230104120445,2023-01-04 12:26:25
2023-01-04,010,V,A72085,2023-01-04 12:03:00,2023-01-04 12:30:00,4.902,010,A72085-010-V-01o6-20230104120604,2023-01-04 12:25:24
2023-01-04,010,I,A72085,2023-01-04 12:32:00,2023-01-04 13:03:00,5.505,010,A72085-010-I-53gi-20230104123445,2023-01-04 13:00:25
2023-01-04,010,V,A72037,2023-01-04 12:32:00,2023-01-04 12:53:00,4.902,010,A72037-010-V-01o6-20230104123533,2023-01-04 12:48:33
2023-01-04,010,I,A72037,2023-01-04 12:55:00,2023-01-04 13:26:00,5.505,010,A72037-010-I-53gi-20230104125834,2023-01-04 13:22:54
2023-01-04,010,V,A72085,2023-01-04 13:05:00,2023-01-04 13:37:00,4.902,010,A72085-010-V-01o6-20230104130946,2023-01-04 13:28:06
2023-01-04,010,V,A72037,2023-01-04 13:31:00,2023-01-04 14:07:00,4.902,010,A72037-010-V-01o6-20230104133409,2023-01-04 13:51:30
2023-01-04,010,I,A72085,2023-01-04 13:39:00,2023-01-04 14:05:00,5.505,010,A72085-010-I-53gi-20230104134247,2023-01-04 14:02:27
2023-01-04,010,V,A72085,2023-01-04 14:06:00,2023-01-04 14:34:00,4.902,010,A72085-010-V-01o6-20230104141027,2023-01-04 14:27:08
2023-01-04,010,I,A72037,2023-01-04 14:09:00,2023-01-04 14:38:00,5.505,010,A72037-010-I-53gi-20230104141424,2023-01-04 14:36:44
2023-01-04,010,I,A72085,2023-01-04 14:35:00,2023-01-04 15:04:00,5.505,010,A72085-010-I-53gi-20230104143829,2023-01-04 15:00:49
2023-01-04,010,V,A72037,2023-01-04 14:41:00,2023-01-04 15:12:00,4.902,010,A72037-010-V-01o6-20230104144425,2023-01-04 15:04:05
2023-01-04,010,V,A72085,2023-01-04 15:06:00,2023-01-04 15:34:00,4.902,010,A72085-010-V-01o6-20230104150910,2023-01-04 15:25:30
2023-01-04,010,I,A72037,2023-01-04 15:14:00,2023-01-04 15:51:00,5.505,010,A72037-010-I-53gi-20230104151654,2023-01-04 15:46:35
2023-01-04,010,I,A72085,2023-01-04 15:36:00,2023-01-04 16:08:00,5.505,010,A72085-010-I-53gi-20230104154021,2023-01-04 16:05:22
2023-01-04,010,V,A72037,2023-01-04 15:52:00,2023-01-04 16:25:00,4.902,010,A72037-010-V-01o6-20230104155636,2023-01-04 16:18:16
2023-01-04,010,V,A72085,2023-01-04 16:10:00,2023-01-04 16:38:00,4.902,010,A72085-010-V-01o6-20230104161342,2023-01-04 16:32:23
2023-01-04,010,I,A72037,2023-01-04 16:27:00,2023-01-04 16:59:00,5.505,010,A72037-010-I-53gi-20230104162833,2023-01-04 16:56:53
2023-01-04,010,I,A72085,2023-01-04 16:40:00,2023-01-04 17:07:00,5.505,010,A72085-010-I-53gi-20230104164339,2023-01-04 17:05:00
2023-01-04,010,V,A72037,2023-01-04 17:01:00,2023-01-04 17:36:00,4.902,010,A72037-010-V-01o6-20230104170454,2023-01-04 17:22:54
2023-01-04,010,V,A72085,2023-01-04 17:16:00,2023-01-04 17:49:00,4.902,010,A72085-010-V-01o6-20230104171848,2023-01-04 17:35:28
2023-01-04,010,I,A72037,2023-01-04 17:39:00,2023-01-04 18:11:00,5.505,010,A72037-010-I-53gi-20230104174147,2023-01-04 18:07:08
2023-01-04,010,I,A72085,2023-01-04 17:51:00,2023-01-04 18:15:00,5.505,010,A72085-010-I-53gi-20230104175709,2023-01-04 18:13:09
2023-01-04,010,V,A72037,2023-01-04 18:13:00,2023-01-04 18:49:00,4.902,010,A72037-010-V-01o6-20230104181628,2023-01-04 18:38:49
2023-01-04,010,V,A72085,2023-01-04 18:22:00,2023-01-04 19:04:00,4.902,010,A72085-010-V-01o6-20230104182438,2023-01-04 18:39:39
2023-01-04,010,I,A72037,2023-01-04 18:49:00,2023-01-04 19:15:00,5.505,010,A72037-010-I-53gi-20230104185134,2023-01-04 19:11:35
2023-01-04,010,I,A72085,2023-01-04 19:06:00,2023-01-04 19:28:00,5.505,010,A72085-010-I-53gi-20230104190738,2023-01-04 19:24:59
2023-01-04,010,V,A72037,2023-01-04 19:18:00,2023-01-04 19:45:00,4.902,010,A72037-010-V-01o6-20230104192015,2023-01-04 19:35:16
2023-01-04,010,V,A72085,2023-01-04 19:38:00,2023-01-04 20:02:00,4.902,010,A72085-010-V-01o6-20230104194027,2023-01-04 19:53:07
2023-01-04,010,I,A72037,2023-01-04 19:47:00,2023-01-04 20:07:00,5.505,010,A72037-010-I-53gi-20230104194845,2023-01-04 20:05:06
2023-01-04,010,I,A72085,2023-01-04 20:09:00,2023-01-04 20:29:00,5.505,010,A72085-010-I-53gi-20230104201104,2023-01-04 20:27:05
2023-01-04,010,V,A72037,2023-01-04 20:14:00,2023-01-04 20:41:00,4.902,010,A72037-010-V-01o6-20230104201758,2023-01-04 20:28:38
2023-01-04,010,V,A72085,2023-01-04 20:32:00,2023-01-04 20:54:00,4.902,010,A72085-010-V-01o6-20230104203536,2023-01-04 20:47:17
2023-01-04,010,I,A72037,2023-01-04 20:42:00,2023-01-04 21:00:00,5.505,010,A72037-010-I-53gi-20230104204408,2023-01-04 20:58:48
2023-01-04,010,I,A72085,2023-01-04 20:56:00,2023-01-04 21:14:00,5.505,010,A72085-010-I-53gi-20230104205735,2023-01-04 21:13:16
2023-01-05,010,I,A72037,2023-01-05 06:03:00,2023-01-05 06:18:00,5.505,010,A72037-010-I-53gi-20230105060426,2023-01-05 06:15:07
2023-01-05,010,I,A72085,2023-01-05 06:30:00,2023-01-05 06:50:00,5.505,010,A72085-010-I-53gi-20230105063129,2023-01-05 06:47:50
2023-01-05,010,V,A72037,2023-01-05 06:31:00,2023-01-05 06:59:00,4.902,010,A72037-010-V-01o6-20230105063421,2023-01-05 06:49:21
2023-01-05,010,V,A72085,2023-01-05 06:59:00,2023-01-05 07:26:00,4.902,010,A72085-010-V-01o6-20230105070223,2023-01-05 07:15:04
2023-01-05,010,I,A72037,2023-01-05 07:05:00,2023-01-05 07:26:00,5.505,010,A72037-010-I-53gi-20230105070652,2023-01-05 07:24:12
2023-01-05,010,I,A72085,2023-01-05 07:28:00,2023-01-05 07:54:00,5.505,010,A72085-010-I-53gi-20230105073010,2023-01-05 07:52:07
2023-01-05,010,V,A72037,2023-01-05 07:28:00,2023-01-05 07:58:00,4.902,010,A72037-010-V-01o6-20230105073233,2023-01-05 07:47:53
2023-01-05,010,V,A72085,2023-01-05 08:00:00,2023-01-05 08:27:00,4.902,010,A72085-010-V-01o6-20230105080419,2023-01-05 08:20:00
2023-01-05,010,I,A72037,2023-01-05 08:02:00,2023-01-05 08:27:00,5.505,010,A72037-010-I-53gi-20230105080424,2023-01-05 08:22:44
2023-01-05,010,V,A72037,2023-01-05 08:29:00,2023-01-05 08:58:00,4.902,010,A72037-010-V-01o6-20230105083625,2023-01-05 08:52:25
2023-01-05,010,I,A72085,2023-01-05 08:31:00,2023-01-05 08:56:00,5.505,010,A72085-010-I-53gi-20230105083256,2023-01-05 08:54:17
2023-01-05,010,V,A72085,2023-01-05 09:00:00,2023-01-05 09:28:00,4.902,010,A72085-010-V-01o6-20230105090337,2023-01-05 09:18:18
2023-01-05,010,I,A72037,2023-01-05 09:02:00,2023-01-05 09:26:00,5.505,010,A72037-010-I-53gi-20230105090526,2023-01-05 09:22:26
2023-01-05,010,V,A72037,2023-01-05 09:28:00,2023-01-05 09:58:00,4.902,010,A72037-010-V-01o6-20230105093507,2023-01-05 09:49:07
2023-01-05,010,I,A72085,2023-01-05 09:29:00,2023-01-05 09:56:00,5.505,010,A72085-010-I-53gi-20230105093139,2023-01-05 09:54:00
2023-01-05,010,V,A72085,2023-01-05 10:01:00,2023-01-05 10:27:00,4.902,010,A72085-010-V-01o6-20230105100400,2023-01-05 10:18:40
2023-01-05,010,I,A72037,2023-01-05 10:03:00,2023-01-05 10:32:00,5.505,010,A72037-010-I-53gi-20230105100528,2023-01-05 10:30:08
2023-01-05,010,I,A72085,2023-01-05 10:28:00,2023-01-05 10:54:00,5.505,010,A72085-010-I-53gi-20230105103049,2023-01-05 10:52:30
2023-01-05,010,V,A72037,2023-01-05 10:36:00,2023-01-05 11:07:00,4.902,010,A72037-010-V-01o6-20230105104109,2023-01-05 10:59:10
2023-01-05,010,V,A72085,2023-01-05 11:01:00,2023-01-05 11:30:00,4.902,010,A72085-010-V-01o6-20230105110530,2023-01-05 11:21:30
2023-01-05,010,I,A72037,2023-01-05 11:12:00,2023-01-05 11:43:00,5.505,010,A72037-010-I-53gi-20230105111610,2023-01-05 11:39:51
2023-01-05,010,I,A72085,2023-01-05 11:31:00,2023-01-05 11:56:00,5.505,010,A72085-010-I-53gi-20230105113342,2023-01-05 11:52:43
2023-01-05,010,V,A72037,2023-01-05 11:44:00,2023-01-05 12:10:00,4.902,010,A72037-010-V-01o6-20230105114951,2023-01-05 12:09:32
2023-01-05,010,V,A72085,2023-01-05 12:01:00,2023-01-05 12:25:00,4.902,010,A72085-010-V-01o6-20230105120523,2023-01-05 12:22:24
2023-01-05,010,I,A72037,2023-01-05 12:12:00,2023-01-05 12:43:00,5.505,010,A72037-010-I-53gi-20230105121432,2023-01-05 12:40:13
2023-01-05,010,I,A72085,2023-01-05 12:27:00,2023-01-05 13:01:00,5.505,010,A72085-010-I-53gi-20230105123044,2023-01-05 12:58:05
2023-01-05,010,V,A72037,2023-01-05 12:45:00,2023-01-05 13:15:00,4.902,010,A72037-010-V-01o6-20230105124933,2023-01-05 13:06:34
2023-01-05,010,V,A72085,2023-01-05 13:11:00,2023-01-05 13:54:00,4.902,010,A72085-010-V-01o6-20230105131454,2023-01-05 13:32:55
2023-01-05,010,I,A72037,2023-01-05 13:18:00,2023-01-05 13:47:00,5.505,010,A72037-010-I-53gi-20230105132159,2023-01-05 13:43:40
2023-01-05,010,V,A72037,2023-01-05 13:50:00,2023-01-05 14:25:00,4.902,010,A72037-010-V-01o6-20230105135540,2023-01-05 14:14:41
2023-01-05,010,I,A72085,2023-01-05 13:54:00,2023-01-05 14:27:00,5.505,010,A72085-010-I-53gi-20230105135713,2023-01-05 14:22:14
2023-01-05,010,V,A72085,2023-01-05 14:29:00,2023-01-05 14:56:00,4.902,010,A72085-010-V-01o6-20230105143254,2023-01-05 14:47:37
2023-01-05,010,I,A72037,2023-01-05 14:30:00,2023-01-05 14:59:00,5.505,010,A72037-010-I-53gi-20230105143400,2023-01-05 14:55:01
2023-01-05,010,I,A72085,2023-01-05 14:59:00,2023-01-05 15:23:00,5.505,010,A72085-010-I-53gi-20230105150140,2023-01-05 15:20:20
2023-01-05,010,V,A72037,2023-01-05 15:00:00,2023-01-05 15:31:00,4.902,010,A72037-010-V-01o6-20230105150341,2023-01-05 15:22:22
2023-01-05,010,V,A72085,2023-01-05 15:24:00,2023-01-05 15:50:00,4.902,010,A72085-010-V-01o6-20230105152800,2023-01-05 15:43:41
2023-01-05,010,I,A72037,2023-01-05 15:34:00,2023-01-05 16:02:00,5.505,010,A72037-010-I-53gi-20230105153709,2023-01-05 15:58:50
2023-01-05,010,I,A72085,2023-01-05 15:51:00,2023-01-05 16:21:00,5.505,010,A72085-010-I-53gi-20230105155431,2023-01-05 16:18:12
2023-01-05,010,V,A72037,2023-01-05 16:04:00,2023-01-05 16:34:00,4.902,010,A72037-010-V-01o6-20230105160830,2023-01-05 16:23:50
2023-01-05,010,V,A72085,2023-01-05 16:22:00,2023-01-05 16:54:00,4.902,010,A72085-010-V-01o6-20230105162612,2023-01-05 16:45:33
2023-01-05,010,I,A72037,2023-01-05 16:37:00,2023-01-05 17:04:00,5.505,010,A72037-010-I-53gi-20230105164007,2023-01-05 17:01:08
2023-01-05,010,I,A72085,2023-01-05 16:56:00,2023-01-05 17:35:00,5.505,010,A72085-010-I-53gi-20230105170147,2023-01-05 17:31:28
2023-01-05,010,V,A72037,2023-01-05 17:06:00,2023-01-05 17:45:00,4.902,010,A72037-010-V-01o6-20230105171108,2023-01-05 17:30:29
2023-01-05,010,V,A72085,2023-01-05 17:37:00,2023-01-05 18:04:00,4.902,010,A72085-010-V-01o6-20230105174048,2023-01-05 17:55:49
2023-01-05,010,I,A72037,2023-01-05 17:46:00,2023-01-05 18:34:00,5.505,010,A72037-010-I-53gi-20230105174949,2023-01-05 18:29:30
2023-01-05,010,I,A72085,2023-01-05 18:06:00,2023-01-05 18:45:00,5.505,010,A72085-010-I-53gi-20230105180945,2023-01-05 18:42:45
2023-01-05,010,V,A72037,2023-01-05 18:35:00,2023-01-05 19:09:00,4.902,010,A72037-010-V-01o6-20230105183850,2023-01-05 18:58:11
2023-01-05,010,V,A72085,2023-01-05 18:47:00,2023-01-05 19:27:00,4.902,010,A72085-010-V-01o6-20230105185005,2023-01-05 19:02:46
2023-01-05,010,I,A72037,2023-01-05 19:11:00,2023-01-05 19:43:00,5.505,010,A72037-010-I-53gi-20230105191239,2023-01-05 19:39:40
2023-01-05,010,I,A72085,2023-01-05 19:29:00,2023-01-05 19:51:00,5.505,010,A72085-010-I-53gi-20230105193132,2023-01-05 19:48:53
2023-01-05,010,V,A72037,2023-01-05 19:45:00,2023-01-05 20:05:00,4.902,010,A72037-010-V-01o6-20230105194801,2023-01-05 20:00:01
2023-01-05,010,V,A72085,2023-01-05 19:57:00,2023-01-05 20:23:00,4.902,010,A72085-010-V-01o6-20230105200142,2023-01-05 20:16:23
2023-01-05,010,I,A72037,2023-01-05 20:06:00,2023-01-05 20:27:00,5.505,010,A72037-010-I-53gi-20230105200821,2023-01-05 20:24:42
2023-01-05,010,I,A72085,2023-01-05 20:25:00,2023-01-05 20:45:00,5.505,010,A72085-010-I-53gi-20230105202727,2023-01-05 20:42:47
2023-01-05,010,V,A72037,2023-01-05 20:30:00,2023-01-05 20:52:00,4.902,010,A72037-010-V-01o6-20230105203242,2023-01-05 20:44:43
2023-01-06,010,I,A72037,2023-01-06 06:05:00,2023-01-06 06:20:00,5.505,010,A72037-010-I-53gi-20230106060659,2023-01-06 06:18:19
2023-01-06,010,V,A72037,2023-01-06 06:31:00,2023-01-06 07:00:00,4.902,010,A72037-010-V-01o6-20230106063509,2023-01-06 06:48:49
2023-01-06,010,I,A72085,2023-01-06 06:36:00,2023-01-06 06:54:00,5.505,010,A72085-010-I-53gi-20230106063728,2023-01-06 06:50:28
2023-01-06,010,V,A72085,2023-01-06 06:59:00,2023-01-06 07:27:00,4.902,010,A72085-010-V-01o6-20230106070148,2023-01-06 07:14:09
2023-01-06,010,I,A72037,2023-01-06 07:08:00,2023-01-06 07:26:00,5.505,010,A72037-010-I-53gi-20230106070952,2023-01-06 07:22:12
2023-01-06,010,V,A72037,2023-01-06 07:29:00,2023-01-06 08:04:00,4.902,010,A72037-010-V-01o6-20230106073353,2023-01-06 07:51:13
2023-01-06,010,I,A72085,2023-01-06 07:32:00,2023-01-06 07:58:00,5.505,010,A72085-010-I-53gi-20230106073418,2023-01-06 07:55:38
2023-01-06,010,V,A72085,2023-01-06 08:01:00,2023-01-06 08:28:00,4.902,010,A72085-010-V-01o6-20230106080338,2023-01-06 08:16:59
2023-01-06,010,I,A72037,2023-01-06 08:10:00,2023-01-06 08:31:00,5.505,010,A72037-010-I-53gi-20230106081214,2023-01-06 08:28:34
2023-01-06,010,V,A72037,2023-01-06 08:33:00,2023-01-06 09:04:00,4.902,010,A72037-010-V-01o6-20230106083735,2023-01-06 08:51:55
2023-01-06,010,I,A72085,2023-01-06 08:36:00,2023-01-06 08:58:00,5.505,010,A72085-010-I-53gi-20230106083722,2023-01-06 08:56:03
2023-01-06,010,V,A72085,2023-01-06 09:01:00,2023-01-06 09:33:00,4.902,010,A72085-010-V-01o6-20230106090543,2023-01-06 09:18:23
2023-01-06,010,I,A72037,2023-01-06 09:08:00,2023-01-06 09:35:00,5.505,010,A72037-010-I-53gi-20230106091136,2023-01-06 09:32:16
2023-01-06,010,I,A72085,2023-01-06 09:34:00,2023-01-06 09:58:00,5.505,010,A72085-010-I-53gi-20230106093808,2023-01-06 09:56:08
2023-01-06,010,V,A72037,2023-01-06 09:37:00,2023-01-06 10:14:00,4.902,010,A72037-010-V-01o6-20230106094217,2023-01-06 09:58:17
2023-01-06,010,V,A72085,2023-01-06 09:59:00,2023-01-06 10:31:00,4.902,010,A72085-010-V-01o6-20230106100328,2023-01-06 10:20:49
2023-01-06,010,I,A72037,2023-01-06 10:18:00,2023-01-06 10:40:00,5.505,010,A72037-010-I-53gi-20230106101958,2023-01-06 10:38:18
2023-01-06,010,I,A72085,2023-01-06 10:34:00,2023-01-06 10:58:00,5.505,010,A72085-010-I-53gi-20230106103709,2023-01-06 10:56:10
2023-01-06,010,V,A72037,2023-01-06 10:42:00,2023-01-06 11:11:00,4.902,010,A72037-010-V-01o6-20230106104619,2023-01-06 11:00:39
2023-01-06,010,V,A72085,2023-01-06 11:00:00,2023-01-06 11:31:00,4.902,010,A72085-010-V-01o6-20230106110410,2023-01-06 11:19:51
2023-01-06,010,I,A72037,2023-01-06 11:16:00,2023-01-06 11:46:00,5.505,010,A72037-010-I-53gi-20230106111952,2023-01-06 11:43:53
2023-01-06,010,I,A72085,2023-01-06 11:35:00,2023-01-06 11:58:00,5.505,010,A72085-010-I-53gi-20230106113743,2023-01-06 11:55:43
2023-01-06,010,V,A72037,2023-01-06 11:48:00,2023-01-06 12:17:00,4.902,010,A72037-010-V-01o6-20230106115533,2023-01-06 12:15:34
2023-01-06,010,V,A72085,2023-01-06 11:59:00,2023-01-06 12:22:00,4.902,010,A72085-010-V-01o6-20230106120404,2023-01-06 12:21:44
2023-01-06,010,I,A72037,2023-01-06 12:19:00,2023-01-06 12:46:00,5.505,010,A72037-010-I-53gi-20230106122154,2023-01-06 12:42:15
2023-01-06,010,I,A72085,2023-01-06 12:25:00,2023-01-06 12:51:00,5.505,010,A72085-010-I-53gi-20230106122704,2023-01-06 12:48:05
2023-01-06,010,V,A72037,2023-01-06 12:47:00,2023-01-06 13:10:00,4.902,010,A72037-010-V-01o6-20230106125155,2023-01-06 13:08:56
2023-01-06,010,V,A72085,2023-01-06 13:02:00,2023-01-06 13:34:00,4.902,010,A72085-010-V-01o6-20230106130607,2023-01-06 13:21:08
2023-01-06,010,I,A72037,2023-01-06 13:13:00,2023-01-06 13:40:00,5.505,010,A72037-010-I-53gi-20230106131636,2023-01-06 13:38:17
2023-01-06,010,I,A72085,2023-01-06 13:36:00,2023-01-06 14:04:00,5.505,010,A72085-010-I-53gi-20230106134013,2023-01-06 14:02:34
2023-01-06,010,V,A72037,2023-01-06 13:42:00,2023-01-06 14:14:00,4.902,010,A72037-010-V-01o6-20230106134657,2023-01-06 14:01:57
2023-01-06,010,V,A72085,2023-01-06 14:07:00,2023-01-06 14:31:00,4.902,010,A72085-010-V-01o6-20230106141014,2023-01-06 14:26:15
2023-01-06,010,I,A72037,2023-01-06 14:16:00,2023-01-06 14:45:00,5.505,010,A72037-010-I-53gi-20230106141835,2023-01-06 14:40:55
2023-01-06,010,I,A72085,2023-01-06 14:33:00,2023-01-06 15:03:00,5.505,010,A72085-010-I-53gi-20230106143535,2023-01-06 14:58:16
2023-01-06,010,V,A72037,2023-01-06 14:46:00,2023-01-06 15:12:00,4.902,010,A72037-010-V-01o6-20230106145016,2023-01-06 15:05:36
2023-01-06,010,V,A72085,2023-01-06 15:05:00,2023-01-06 15:32:00,4.902,010,A72085-010-V-01o6-20230106150816,2023-01-06 15:26:57
2023-01-06,010,I,A72037,2023-01-06 15:14:00,2023-01-06 15:44:00,5.505,010,A72037-010-I-53gi-20230106151654,2023-01-06 15:40:35
2023-01-06,010,I,A72085,2023-01-06 15:35:00,2023-01-06 16:03:00,5.505,010,A72085-010-I-53gi-20230106153809,2023-01-06 16:00:29
2023-01-06,010,V,A72037,2023-01-06 15:47:00,2023-01-06 16:16:00,4.902,010,A72037-010-V-01o6-20230106155155,2023-01-06 16:09:15
2023-01-06,010,V,A72085,2023-01-06 16:07:00,2023-01-06 16:39:00,4.902,010,A72085-010-V-01o6-20230106161213,2023-01-06 16:28:14
2023-01-06,010,I,A72037,2023-01-06 16:18:00,2023-01-06 16:47:00,5.505,010,A72037-010-I-53gi-20230106162111,2023-01-06 16:44:32
2023-01-06,010,I,A72085,2023-01-06 16:41:00,2023-01-06 17:09:00,5.505,010,A72085-010-I-53gi-20230106164317,2023-01-06 17:06:37
2023-01-06,010,V,A72037,2023-01-06 16:49:00,2023-01-06 17:11:00,4.902,010,A72037-010-V-01o6-20230106165152,2023-01-06 17:03:12
2023-01-06,010,V,A72085,2023-01-06 17:11:00,2023-01-06 17:43:00,4.902,010,A72085-010-V-01o6-20230106171318,2023-01-06 17:32:58
2023-01-06,010,I,A72037,2023-01-06 17:13:00,2023-01-06 17:40:00,5.505,010,A72037-010-I-53gi-20230106171448,2023-01-06 17:35:29
2023-01-06,010,I,A72085,2023-01-06 17:45:00,2023-01-06 18:17:00,5.505,010,A72085-010-I-53gi-20230106175019,2023-01-06 18:15:00
2023-01-06,010,V,A72037,2023-01-06 17:46:00,2023-01-06 18:17:00,4.902,010,A72037-010-V-01o6-20230106175014,2023-01-06 18:09:15
2023-01-06,010,I,A72037,2023-01-06 18:18:00,2023-01-06 18:55:00,5.505,010,A72037-010-I-53gi-20230106182033,2023-01-06 18:50:54
2023-01-06,010,V,A72085,2023-01-06 18:19:00,2023-01-06 18:49:00,4.902,010,A72085-010-V-01o6-20230106182340,2023-01-06 18:41:21
2023-01-06,010,V,A72037,2023-01-06 18:57:00,2023-01-06 19:21:00,4.902,010,A72037-010-V-01o6-20230106190014,2023-01-06 19:13:14
2023-01-06,010,V,A72085,2023-01-06 19:16:00,2023-01-06 19:52:00,4.902,010,A72085-010-V-01o6-20230106191602,2023-01-06 19:27:43
2023-01-06,010,I,A72037,2023-01-06 19:23:00,2023-01-06 19:45:00,5.505,010,A72037-010-I-53gi-20230106192509,2023-01-06 19:43:09
2023-01-06,010,V,A72037,2023-01-06 19:46:00,2023-01-06 20:07:00,4.902,010,A72037-010-V-01o6-20230106194830,2023-01-06 20:00:30
2023-01-06,010,I,A72037,2023-01-06 20:10:00,2023-01-06 20:31:00,5.505,010,A72037-010-I-53gi-20230106201205,2023-01-06 20:28:25
2023-01-06,010,V,A72037,2023-01-06 20:38:00,2023-01-06 21:03:00,4.902,010,A72037-010-V-01o6-20230106204210,2023-01-06 20:55:30
2023-01-06,010,I,A72037,2023-01-06 21:04:00,2023-01-06 21:29:00,5.505,010,A72037-010-I-53gi-20230106210611,2023-01-06 21:26:12
2023-01-07,010,I,A72037,2023-01-07 06:06:00,2023-01-07 06:21:00,5.505,010,A72037-010-I-53gi-20230107060755,2023-01-07 06:19:15
2023-01-07,010,V,A72037,2023-01-07 06:34:00,2023-01-07 06:56:00,4.902,010,A72037-010-V-01o6-20230107063647,2023-01-07 06:46:47
2023-01-07,010,I,A72037,2023-01-07 07:05:00,2023-01-07 07:22:00,5.505,010,A72037-010-I-53gi-20230107070718,2023-01-07 07:19:38
2023-01-07,010,I,A72085,2023-01-07 07:30:00,2023-01-07 07:49:00,5.505,010,A72085-010-I-53gi-20230107073334,2023-01-07 07:46:35
2023-01-07,010,V,A72037,2023-01-07 07:33:00,2023-01-07 08:00:00,4.902,010,A72037-010-V-01o6-20230107073708,2023-01-07 07:49:28
2023-01-07,010,V,A72085,2023-01-07 07:59:00,2023-01-07 08:34:00,4.902,010,A72085-010-V-01o6-20230107080215,2023-01-07 08:14:55
2023-01-07,010,I,A72037,2023-01-07 08:03:00,2023-01-07 08:19:00,5.505,010,A72037-010-I-53gi-20230107080432,2023-01-07 08:15:52
2023-01-07,010,V,A72037,2023-01-07 08:27:00,2023-01-07 09:02:00,4.902,010,A72037-010-V-01o6-20230107083209,2023-01-07 08:45:30
2023-01-07,010,I,A72085,2023-01-07 08:41:00,2023-01-07 08:58:00,5.505,010,A72085-010-I-53gi-20230107084357,2023-01-07 08:54:37
2023-01-07,010,V,A72085,2023-01-07 09:00:00,2023-01-07 09:30:00,4.902,010,A72085-010-V-01o6-20230107090357,2023-01-07 09:15:58
2023-01-07,010,I,A72037,2023-01-07 09:05:00,2023-01-07 09:34:00,5.505,010,A72037-010-I-53gi-20230107090754,2023-01-07 09:20:54
2023-01-07,010,I,A72085,2023-01-07 09:39:00,2023-01-07 10:01:00,5.505,010,A72085-010-I-53gi-20230107094157,2023-01-07 09:57:18
2023-01-07,010,V,A72037,2023-01-07 09:40:00,2023-01-07 09:58:00,4.902,010,A72037-010-V-01o6-20230107094300,2023-01-07 09:56:40
2023-01-07,010,V,A72085,2023-01-07 10:08:00,2023-01-07 10:33:00,4.902,010,A72085-010-V-01o6-20230107101238,2023-01-07 10:25:59
2023-01-07,010,I,A72037,2023-01-07 10:09:00,2023-01-07 10:33:00,5.505,010,A72037-010-I-53gi-20230107101210,2023-01-07 10:26:50
2023-01-07,010,V,A72037,2023-01-07 10:34:00,2023-01-07 10:56:00,4.902,010,A72037-010-V-01o6-20230107103810,2023-01-07 10:53:51
2023-01-07,010,I,A72085,2023-01-07 10:42:00,2023-01-07 11:06:00,5.505,010,A72085-010-I-53gi-20230107104529,2023-01-07 11:01:09
2023-01-07,010,I,A72037,2023-01-07 10:58:00,2023-01-07 11:20:00,5.505,010,A72037-010-I-53gi-20230107110311,2023-01-07 11:14:11
2023-01-07,010,V,A72085,2023-01-07 11:11:00,2023-01-07 11:37:00,4.902,010,A72085-010-V-01o6-20230107111510,2023-01-07 11:26:10
2023-01-07,010,V,A72037,2023-01-07 11:32:00,2023-01-07 12:02:00,4.902,010,A72037-010-V-01o6-20230107113746,2023-01-07 11:53:46
2023-01-07,010,I,A72085,2023-01-07 11:41:00,2023-01-07 12:06:00,5.505,010,A72085-010-I-53gi-20230107114512,2023-01-07 11:59:53
2023-01-07,010,I,A72037,2023-01-07 12:05:00,2023-01-07 12:36:00,5.505,010,A72037-010-I-53gi-20230107121040,2023-01-07 12:26:21
2023-01-07,010,V,A72085,2023-01-07 12:07:00,2023-01-07 12:32:00,4.902,010,A72085-010-V-01o6-20230107121113,2023-01-07 12:22:34
2023-01-07,010,I,A72085,2023-01-07 12:33:00,2023-01-07 13:07:00,5.505,010,A72085-010-I-53gi-20230107123654,2023-01-07 13:01:34
2023-01-07,010,V,A72037,2023-01-07 12:38:00,2023-01-07 13:17:00,4.902,010,A72037-010-V-01o6-20230107124101,2023-01-07 12:57:22
2023-01-07,010,V,A72085,2023-01-07 13:09:00,2023-01-07 13:30:00,4.902,010,A72085-010-V-01o6-20230107131235,2023-01-07 13:24:15
2023-01-07,010,I,A72037,2023-01-07 13:20:00,2023-01-07 13:49:00,5.505,010,A72037-010-I-53gi-20230107132302,2023-01-07 13:40:02
2023-01-07,010,I,A72085,2023-01-07 13:31:00,2023-01-07 13:55:00,5.505,010,A72085-010-I-53gi-20230107133452,2023-01-07 13:49:33
2023-01-07,010,V,A72037,2023-01-07 13:52:00,2023-01-07 14:17:00,4.902,010,A72037-010-V-01o6-20230107135523,2023-01-07 14:08:43
2023-01-07,010,V,A72085,2023-01-07 14:05:00,2023-01-07 14:37:00,4.902,010,A72085-010-V-01o6-20230107140818,2023-01-07 14:22:38
2023-01-07,010,I,A72037,2023-01-07 14:18:00,2023-01-07 14:48:00,5.505,010,A72037-010-I-53gi-20230107142356,2023-01-07 14:42:57
2023-01-07,010,I,A72085,2023-01-07 14:39:00,2023-01-07 15:04:00,5.505,010,A72085-010-I-53gi-20230107144314,2023-01-07 14:59:14
2023-01-07,010,V,A72037,2023-01-07 14:50:00,2023-01-07 15:15:00,4.902,010,A72037-010-V-01o6-20230107145338,2023-01-07 15:07:58
2023-01-07,010,V,A72085,2023-01-07 15:05:00,2023-01-07 15:32:00,4.902,010,A72085-010-V-01o6-20230107150755,2023-01-07 15:21:35
2023-01-07,010,I,A72037,2023-01-07 15:17:00,2023-01-07 15:47:00,5.505,010,A72037-010-I-53gi-20230107152201,2023-01-07 15:40:02
2023-01-07,010,I,A72085,2023-01-07 15:40:00,2023-01-07 16:04:00,5.505,010,A72085-010-I-53gi-20230107154317,2023-01-07 15:57:38
2023-01-07,010,V,A72037,2023-01-07 15:50:00,2023-01-07 16:15:00,4.902,010,A72037-010-V-01o6-20230107155442,2023-01-07 16:09:03
2023-01-07,010,V,A72085,2023-01-07 16:07:00,2023-01-07 16:42:00,4.902,010,A72085-010-V-01o6-20230107161238,2023-01-07 16:27:39
2023-01-07,010,I,A72037,2023-01-07 16:17:00,2023-01-07 16:42:00,5.505,010,A72037-010-I-53gi-20230107161928,2023-01-07 16:38:57
2023-01-07,010,V,A72037,2023-01-07 16:43:00,2023-01-07 17:10:00,4.902,010,A72037-010-V-01o6-20230107164757,2023-01-07 17:00:58
2023-01-07,010,I,A72085,2023-01-07 16:48:00,2023-01-07 17:10:00,5.505,010,A72085-010-I-53gi-20230107165014,2023-01-07 17:06:35
2023-01-07,010,V,A72085,2023-01-07 17:13:00,2023-01-07 17:40:00,4.902,010,A72085-010-V-01o6-20230107171815,2023-01-07 17:31:15
2023-01-07,010,I,A72037,2023-01-07 17:14:00,2023-01-07 17:39:00,5.505,010,A72037-010-I-53gi-20230107171659,2023-01-07 17:36:00
2023-01-07,010,V,A72037,2023-01-07 17:42:00,2023-01-07 18:12:00,4.902,010,A72037-010-V-01o6-20230107174640,2023-01-07 18:02:20
2023-01-07,010,I,A72085,2023-01-07 17:45:00,2023-01-07 18:07:00,5.505,010,A72085-010-I-53gi-20230107174725,2023-01-07 18:06:26
2023-01-07,010,V,A72085,2023-01-07 18:10:00,2023-01-07 18:37:00,4.902,010,A72085-010-V-01o6-20230107181306,2023-01-07 18:30:46
2023-01-07,010,I,A72037,2023-01-07 18:16:00,2023-01-07 18:39:00,5.505,010,A72037-010-I-53gi-20230107181836,2023-01-07 18:35:37
2023-01-07,010,V,A72037,2023-01-07 18:41:00,2023-01-07 19:07:00,4.902,010,A72037-010-V-01o6-20230107184557,2023-01-07 18:59:17
2023-01-07,010,I,A72085,2023-01-07 18:43:00,2023-01-07 19:08:00,5.505,010,A72085-010-I-53gi-20230107184427,2023-01-07 19:04:08
2023-01-07,010,V,A72085,2023-01-07 19:09:00,2023-01-07 19:40:00,4.902,010,A72085-010-V-01o6-20230107191528,2023-01-07 19:29:48
2023-01-07,010,I,A72037,2023-01-07 19:11:00,2023-01-07 19:33:00,5.505,010,A72037-010-I-53gi-20230107191227,2023-01-07 19:30:28
2023-01-07,010,I,A72085,2023-01-07 19:44:00,2023-01-07 20:07:00,5.505,010,A72085-010-I-53gi-20230107194649,2023-01-07 20:04:29
2023-01-07,010,V,A72085,2023-01-07 20:08:00,2023-01-07 20:37:00,4.902,010,A72085-010-V-01o6-20230107201210,2023-01-07 20:26:10
2023-01-07,010,I,A72085,2023-01-07 20:40:00,2023-01-07 21:03:00,5.505,010,A72085-010-I-53gi-20230107204119,2023-01-07 21:01:19
2023-01-08,010,I,A72037,2023-01-08 06:04:00,2023-01-08 06:18:00,5.505,010,A72037-010-I-53gi-20230108060554,2023-01-08 06:17:34
2023-01-08,010,V,A72037,2023-01-08 06:32:00,2023-01-08 06:55:00,4.902,010,A72037-010-V-01o6-20230108063345,2023-01-08 06:43:25
2023-01-08,010,I,A72037,2023-01-08 06:57:00,2023-01-08 07:17:00,5.505,010,A72037-010-I-53gi-20230108065846,2023-01-08 07:16:47
2023-01-08,010,V,A72037,2023-01-08 07:28:00,2023-01-08 07:57:00,4.902,010,A72037-010-V-01o6-20230108073036,2023-01-08 07:40:36
2023-01-08,010,I,A72037,2023-01-08 07:59:00,2023-01-08 08:16:00,5.505,010,A72037-010-I-53gi-20230108080040,2023-01-08 08:15:00
2023-01-08,010,V,A72037,2023-01-08 08:26:00,2023-01-08 08:57:00,4.902,010,A72037-010-V-01o6-20230108082857,2023-01-08 08:40:57
2023-01-08,010,I,A72037,2023-01-08 09:00:00,2023-01-08 09:18:00,5.505,010,A72037-010-I-53gi-20230108090257,2023-01-08 09:16:38
2023-01-08,010,V,A72037,2023-01-08 09:33:00,2023-01-08 09:57:00,4.902,010,A72037-010-V-01o6-20230108093554,2023-01-08 09:46:54
2023-01-08,010,I,A72037,2023-01-08 09:57:00,2023-01-08 10:15:00,5.505,010,A72037-010-I-53gi-20230108095932,2023-01-08 10:13:52
2023-01-08,010,V,A72037,2023-01-08 10:33:00,2023-01-08 10:57:00,4.902,010,A72037-010-V-01o6-20230108103537,2023-01-08 10:45:17
2023-01-08,010,I,A72037,2023-01-08 10:57:00,2023-01-08 11:22:00,5.505,010,A72037-010-I-53gi-20230108105929,2023-01-08 11:21:10
2023-01-08,010,V,A72037,2023-01-08 11:32:00,2023-01-08 11:56:00,4.902,010,A72037-010-V-01o6-20230108113443,2023-01-08 11:49:03
2023-01-08,010,I,A72037,2023-01-08 11:57:00,2023-01-08 12:15:00,5.505,010,A72037-010-I-53gi-20230108115842,2023-01-08 12:13:03
2023-01-08,010,V,A72037,2023-01-08 12:34:00,2023-01-08 12:55:00,4.902,010,A72037-010-V-01o6-20230108123701,2023-01-08 12:49:21
2023-01-08,010,I,A72037,2023-01-08 12:56:00,2023-01-08 13:15:00,5.505,010,A72037-010-I-53gi-20230108125814,2023-01-08 13:13:34
2023-01-08,010,V,A72037,2023-01-08 13:35:00,2023-01-08 14:03:00,4.902,010,A72037-010-V-01o6-20230108133839,2023-01-08 13:50:39
2023-01-08,010,I,A72037,2023-01-08 14:08:00,2023-01-08 14:27:00,5.505,010,A72037-010-I-53gi-20230108140942,2023-01-08 14:24:23
2023-01-08,010,V,A72037,2023-01-08 14:36:00,2023-01-08 15:21:00,4.902,010,A72037-010-V-01o6-20230108144020,2023-01-08 15:15:01
2023-01-08,010,I,A72037,2023-01-08 15:22:00,2023-01-08 15:41:00,5.505,010,A72037-010-I-53gi-20230108152417,2023-01-08 15:39:18
2023-01-08,010,V,A72037,2023-01-08 15:42:00,2023-01-08 16:09:00,4.902,010,A72037-010-V-01o6-20230108154618,2023-01-08 16:01:38
2023-01-08,010,I,A72037,2023-01-08 16:09:00,2023-01-08 16:27:00,5.505,010,A72037-010-I-53gi-20230108161053,2023-01-08 16:23:54
2023-01-08,010,V,A72037,2023-01-08 16:33:00,2023-01-08 17:03:00,4.902,010,A72037-010-V-01o6-20230108163714,2023-01-08 16:50:54
2023-01-08,010,I,A72037,2023-01-08 17:08:00,2023-01-08 17:25:00,5.505,010,A72037-010-I-53gi-20230108170939,2023-01-08 17:23:40
2023-01-08,010,V,A72037,2023-01-08 17:37:00,2023-01-08 18:16:00,4.902,010,A72037-010-V-01o6-20230108174015,2023-01-08 18:06:36
2023-01-08,010,I,A72037,2023-01-08 18:17:00,2023-01-08 18:36:00,5.505,010,A72037-010-I-53gi-20230108181853,2023-01-08 18:34:13
2023-01-08,010,V,A72037,2023-01-08 18:37:00,2023-01-08 19:01:00,4.902,010,A72037-010-V-01o6-20230108183953,2023-01-08 18:51:14
2023-01-08,010,I,A72037,2023-01-08 19:02:00,2023-01-08 19:22:00,5.505,010,A72037-010-I-53gi-20230108190329,2023-01-08 19:20:09
2023-01-08,010,V,A72037,2023-01-08 19:32:00,2023-01-08 20:03:00,4.902,010,A72037-010-V-01o6-20230108193527,2023-01-08 19:49:08
2023-01-08,010,I,A72037,2023-01-08 20:08:00,2023-01-08 20:27:00,5.505,010,A72037-010-I-53gi-20230108201011,2023-01-08 20:25:32
2023-01-08,010,V,A72037,2023-01-08 20:34:00,2023-01-08 21:06:00,4.902,010,A72037-010-V-01o6-20230108203739,2023-01-08 20:49:19
2023-01-08,010,I,A72037,2023-01-08 21:07:00,2023-01-08 21:27:00,5.505,010,A72037-010-I-53gi-20230108210837,2023-01-08 21:25:37
2023-01-09,010,I,A72037,2023-01-09 06:03:00,2023-01-09 06:26:00,5.505,010,A72037-010-I-53gi-20230109060647,2023-01-09 06:20:28
2023-01-09,010,V,A72037,2023-01-09 06:30:00,2023-01-09 07:05:00,4.902,010,A72037-010-V-01o6-20230109063328,2023-01-09 06:53:49
2023-01-09,010,I,A72085,2023-01-09 06:35:00,2023-01-09 06:54:00,5.505,010,A72085-010-I-53gi-20230109063640,2023-01-09 06:52:01
2023-01-09,010,V,A72085,2023-01-09 06:57:00,2023-01-09 07:28:00,4.902,010,A72085-010-V-01o6-20230109065921,2023-01-09 07:14:01
2023-01-09,010,I,A72037,2023-01-09 07:09:00,2023-01-09 07:30:00,5.505,010,A72037-010-I-53gi-20230109071029,2023-01-09 07:26:50
2023-01-09,010,I,A72085,2023-01-09 07:29:00,2023-01-09 07:54:00,5.505,010,A72085-010-I-53gi-20230109073222,2023-01-09 07:51:43
2023-01-09,010,V,A72037,2023-01-09 07:35:00,2023-01-09 08:07:00,4.902,010,A72037-010-V-01o6-20230109073850,2023-01-09 07:55:11
2023-01-09,010,V,A72085,2023-01-09 07:59:00,2023-01-09 08:32:00,4.902,010,A72085-010-V-01o6-20230109080243,2023-01-09 08:23:24
2023-01-09,010,I,A72037,2023-01-09 08:13:00,2023-01-09 08:36:00,5.505,010,A72037-010-I-53gi-20230109081531,2023-01-09 08:33:32
2023-01-09,010,I,A72085,2023-01-09 08:36:00,2023-01-09 09:06:00,5.505,010,A72085-010-I-53gi-20230109083907,2023-01-09 09:03:48
2023-01-09,010,V,A72037,2023-01-09 08:39:00,2023-01-09 09:09:00,4.902,010,A72037-010-V-01o6-20230109084212,2023-01-09 08:58:53
2023-01-09,010,V,A72085,2023-01-09 09:08:00,2023-01-09 09:33:00,4.902,010,A72085-010-V-01o6-20230109091248,2023-01-09 09:30:29
2023-01-09,010,I,A72037,2023-01-09 09:12:00,2023-01-09 09:40:00,5.505,010,A72037-010-I-53gi-20230109091353,2023-01-09 09:36:54
2023-01-09,010,I,A72085,2023-01-09 09:37:00,2023-01-09 10:06:00,5.505,010,A72085-010-I-53gi-20230109093909,2023-01-09 10:01:50
2023-01-09,010,V,A72037,2023-01-09 09:41:00,2023-01-09 10:13:00,4.902,010,A72037-010-V-01o6-20230109094554,2023-01-09 10:01:34
2023-01-09,010,V,A72085,2023-01-09 10:10:00,2023-01-09 10:38:00,4.902,010,A72085-010-V-01o6-20230109101350,2023-01-09 10:32:31
2023-01-09,010,I,A72037,2023-01-09 10:18:00,2023-01-09 10:46:00,5.505,010,A72037-010-I-53gi-20230109102155,2023-01-09 10:44:16
2023-01-09,010,I,A72085,2023-01-09 10:40:00,2023-01-09 11:08:00,5.505,010,A72085-010-I-53gi-20230109104411,2023-01-09 11:06:12
2023-01-09,010,V,A72037,2023-01-09 10:47:00,2023-01-09 11:12:00,4.902,010,A72037-010-V-01o6-20230109105136,2023-01-09 11:06:37
2023-01-09,010,V,A72085,2023-01-09 11:09:00,2023-01-09 11:36:00,4.902,010,A72085-010-V-01o6-20230109111312,2023-01-09 11:29:53
2023-01-09,010,I,A72037,2023-01-09 11:13:00,2023-01-09 11:42:00,5.505,010,A72037-010-I-53gi-20230109111637,2023-01-09 11:39:58
2023-01-09,010,I,A72085,2023-01-09 11:39:00,2023-01-09 12:02:00,5.505,010,A72085-010-I-53gi-20230109114159,2023-01-09 12:00:20
2023-01-09,010,V,A72037,2023-01-09 11:43:00,2023-01-09 12:07:00,4.902,010,A72037-010-V-01o6-20230109114518,2023-01-09 12:00:58
2023-01-09,010,V,A72085,2023-01-09 12:04:00,2023-01-09 12:24:00,4.902,010,A72085-010-V-01o6-20230109120740,2023-01-09 12:23:21
2023-01-09,010,I,A72037,2023-01-09 12:09:00,2023-01-09 12:40:00,5.505,010,A72037-010-I-53gi-20230109121139,2023-01-09 12:35:59
2023-01-09,010,I,A72085,2023-01-09 12:27:00,2023-01-09 12:52:00,5.505,010,A72085-010-I-53gi-20230109122902,2023-01-09 12:49:23
2023-01-09,010,V,A72037,2023-01-09 12:42:00,2023-01-09 13:04:00,4.902,010,A72037-010-V-01o6-20230109124540,2023-01-09 12:57:40
2023-01-09,010,V,A72085,2023-01-09 12:55:00,2023-01-09 13:29:00,4.902,010,A72085-010-V-01o6-20230109125803,2023-01-09 13:17:24
2023-01-09,010,I,A72037,2023-01-09 13:06:00,2023-01-09 13:33:00,5.505,010,A72037-010-I-53gi-20230109130820,2023-01-09 13:29:41
2023-01-09,010,I,A72085,2023-01-09 13:31:00,2023-01-09 14:03:00,5.505,010,A72085-010-I-53gi-20230109133341,2023-01-09 14:00:02
2023-01-09,010,V,A72037,2023-01-09 13:35:00,2023-01-09 14:08:00,4.902,010,A72037-010-V-01o6-20230109133901,2023-01-09 13:54:22
2023-01-09,010,V,A72085,2023-01-09 14:07:00,2023-01-09 14:36:00,4.902,010,A72085-010-V-01o6-20230109141052,2023-01-09 14:24:33
2023-01-09,010,I,A72037,2023-01-09 14:10:00,2023-01-09 14:43:00,5.505,010,A72037-010-I-53gi-20230109141308,2023-01-09 14:40:29
2023-01-09,010,I,A72085,2023-01-09 14:36:00,2023-01-09 15:07:00,5.505,010,A72085-010-I-53gi-20230109143658,2023-01-09 15:04:39
2023-01-09,010,V,A72037,2023-01-09 14:46:00,2023-01-09 15:19:00,4.902,010,A72037-010-V-01o6-20230109144929,2023-01-09 15:11:10
2023-01-09,010,V,A72085,2023-01-09 15:08:00,2023-01-09 15:35:00,4.902,010,A72085-010-V-01o6-20230109151159,2023-01-09 15:27:39
2023-01-09,010,I,A72037,2023-01-09 15:21:00,2023-01-09 15:51:00,5.505,010,A72037-010-I-53gi-20230109152531,2023-01-09 15:48:11
2023-01-09,010,I,A72085,2023-01-09 15:38:00,2023-01-09 16:03:00,5.505,010,A72085-010-I-53gi-20230109154057,2023-01-09 16:00:38
2023-01-09,010,V,A72037,2023-01-09 15:52:00,2023-01-09 16:19:00,4.902,010,A72037-010-V-01o6-20230109155732,2023-01-09 16:14:32
2023-01-09,010,V,A72085,2023-01-09 16:07:00,2023-01-09 16:40:00,4.902,010,A72085-010-V-01o6-20230109161016,2023-01-09 16:31:57
2023-01-09,010,I,A72037,2023-01-09 16:22:00,2023-01-09 16:59:00,5.505,010,A72037-010-I-53gi-20230109162321,2023-01-09 16:55:02
2023-01-09,010,I,A72085,2023-01-09 16:43:00,2023-01-09 17:15:00,5.505,010,A72085-010-I-53gi-20230109164511,2023-01-09 17:10:52
2023-01-09,010,V,A72037,2023-01-09 17:01:00,2023-01-09 17:32:00,4.902,010,A72037-010-V-01o6-20230109170542,2023-01-09 17:24:23
2023-01-09,010,V,A72085,2023-01-09 17:17:00,2023-01-09 17:49:00,4.902,010,A72085-010-V-01o6-20230109172132,2023-01-09 17:40:53
2023-01-09,010,I,A72037,2023-01-09 17:34:00,2023-01-09 18:09:00,5.505,010,A72037-010-I-53gi-20230109173723,2023-01-09 18:06:44
2023-01-09,010,I,A72085,2023-01-09 17:52:00,2023-01-09 18:20:00,5.505,010,A72085-010-I-53gi-20230109175414,2023-01-09 18:17:15
2023-01-09,010,V,A72037,2023-01-09 18:12:00,2023-01-09 18:47:00,4.902,010,A72037-010-V-01o6-20230109181544,2023-01-09 18:37:05
2023-01-09,010,V,A72085,2023-01-09 18:22:00,2023-01-09 19:01:00,4.902,010,A72085-010-V-01o6-20230109182555,2023-01-09 18:39:35
2023-01-09,010,I,A72037,2023-01-09 18:51:00,2023-01-09 19:23:00,5.505,010,A72037-010-I-53gi-20230109185316,2023-01-09 19:20:37
2023-01-09,010,I,A72085,2023-01-09 19:03:00,2023-01-09 19:27:00,5.505,010,A72085-010-I-53gi-20230109190512,2023-01-09 19:24:53
2023-01-09,010,V,A72037,2023-01-09 19:25:00,2023-01-09 19:49:00,4.902,010,A72037-010-V-01o6-20230109192757,2023-01-09 19:40:18
2023-01-09,010,V,A72085,2023-01-09 19:42:00,2023-01-09 20:07:00,4.902,010,A72085-010-V-01o6-20230109194504,2023-01-09 19:58:04
2023-01-09,010,I,A72037,2023-01-09 19:50:00,2023-01-09 20:10:00,5.505,010,A72037-010-I-53gi-20230109195148,2023-01-09 20:08:49
2023-01-09,010,I,A72085,2023-01-09 20:09:00,2023-01-09 20:28:00,5.505,010,A72085-010-I-53gi-20230109201106,2023-01-09 20:26:06
2023-01-09,010,V,A72037,2023-01-09 20:13:00,2023-01-09 20:30:00,4.902,010,A72037-010-V-01o6-20230109201509,2023-01-09 20:24:29
2023-01-09,010,V,A72085,2023-01-09 20:30:00,2023-01-09 20:54:00,4.902,010,A72085-010-V-01o6-20230109203146,2023-01-09 20:44:47
2023-01-09,010,I,A72037,2023-01-09 20:32:00,2023-01-09 20:50:00,5.505,010,A72037-010-I-53gi-20230109203351,2023-01-09 20:48:12
2023-01-09,010,I,A72085,2023-01-09 20:55:00,2023-01-09 21:14:00,5.505,010,A72085-010-I-53gi-20230109205616,2023-01-09 21:09:56
2023-01-10,010,I,A72037,2023-01-10 06:03:00,2023-01-10 06:18:00,5.505,010,A72037-010-I-53gi-20230110060413,2023-01-10 06:17:33
2023-01-10,010,I,A72085,2023-01-10 06:29:00,2023-01-10 06:48:00,5.505,010,A72085-010-I-53gi-20230110063110,2023-01-10 06:45:50
2023-01-10,010,V,A72037,2023-01-10 06:30:00,2023-01-10 07:00:00,4.902,010,A72037-010-V-01o6-20230110063344,2023-01-10 06:45:24
2023-01-10,010,V,A72085,2023-01-10 06:58:00,2023-01-10 07:28:00,4.902,010,A72085-010-V-01o6-20230110070131,2023-01-10 07:14:52
2023-01-10,010,I,A72037,2023-01-10 07:03:00,2023-01-10 07:24:00,5.505,010,A72037-010-I-53gi-20230110070518,2023-01-10 07:21:59
2023-01-10,010,V,A72037,2023-01-10 07:29:00,2023-01-10 08:02:00,4.902,010,A72037-010-V-01o6-20230110073319,2023-01-10 07:50:20
2023-01-10,010,I,A72085,2023-01-10 07:30:00,2023-01-10 07:54:00,5.505,010,A72085-010-I-53gi-20230110073216,2023-01-10 07:50:36
2023-01-10,010,V,A72085,2023-01-10 07:59:00,2023-01-10 08:29:00,4.902,010,A72085-010-V-01o6-20230110080306,2023-01-10 08:20:27
2023-01-10,010,I,A72037,2023-01-10 08:06:00,2023-01-10 08:30:00,5.505,010,A72037-010-I-53gi-20230110080834,2023-01-10 08:27:55
2023-01-10,010,V,A72037,2023-01-10 08:32:00,2023-01-10 09:00:00,4.902,010,A72037-010-V-01o6-20230110083635,2023-01-10 08:52:16
2023-01-10,010,I,A72085,2023-01-10 08:33:00,2023-01-10 09:07:00,5.505,010,A72085-010-I-53gi-20230110083520,2023-01-10 09:04:00
2023-01-10,010,I,A72037,2023-01-10 09:03:00,2023-01-10 09:56:00,5.505,010,A72037-010-I-53gi-20230110090736,2023-01-10 09:53:38
2023-01-10,010,V,A72085,2023-01-10 09:09:00,2023-01-10 09:30:00,4.902,010,A72085-010-V-01o6-20230110091321,2023-01-10 09:26:21
2023-01-10,010,I,A72085,2023-01-10 09:32:00,2023-01-10 10:10:00,5.505,010,A72085-010-I-53gi-20230110093601,2023-01-10 10:06:02
2023-01-10,010,V,A72037,2023-01-10 09:57:00,2023-01-10 10:35:00,4.902,010,A72037-010-V-01o6-20230110100258,2023-01-10 10:23:39
2023-01-10,010,V,A72085,2023-01-10 10:11:00,2023-01-10 10:37:00,4.902,010,A72085-010-V-01o6-20230110101703,2023-01-10 10:33:43
2023-01-10,010,I,A72037,2023-01-10 10:41:00,2023-01-10 11:26:00,5.505,010,A72037-010-I-53gi-20230110104503,2023-01-10 11:22:05
2023-01-10,010,I,A72085,2023-01-10 10:42:00,2023-01-10 11:29:00,5.505,010,A72085-010-I-53gi-20230110104604,2023-01-10 11:22:25
2023-01-10,010,V,A72037,2023-01-10 11:27:00,2023-01-10 12:03:00,4.902,010,A72037-010-V-01o6-20230110113325,2023-01-10 11:53:46
2023-01-10,010,V,A72085,2023-01-10 11:45:00,2023-01-10 12:07:00,4.902,010,A72085-010-V-01o6-20230110114907,2023-01-10 12:05:08
2023-01-10,010,I,A72037,2023-01-10 12:09:00,2023-01-10 12:38:00,5.505,010,A72037-010-I-53gi-20230110121307,2023-01-10 12:35:27
2023-01-10,010,I,A72085,2023-01-10 12:18:00,2023-01-10 12:46:00,5.505,010,A72085-010-I-53gi-20230110122103,2023-01-10 12:44:24
2023-01-10,010,V,A72037,2023-01-10 12:40:00,2023-01-10 13:21:00,4.902,010,A72037-010-V-01o6-20230110124328,2023-01-10 13:00:48
2023-01-10,010,V,A72085,2023-01-10 13:03:00,2023-01-10 13:49:00,4.902,010,A72085-010-V-01o6-20230110130739,2023-01-10 13:35:45
2023-01-10,010,I,A72037,2023-01-10 13:25:00,2023-01-10 13:55:00,5.505,010,A72037-010-I-53gi-20230110132640,2023-01-10 13:52:01
2023-01-10,010,I,A72085,2023-01-10 13:53:00,2023-01-10 14:25:00,5.505,010,A72085-010-I-53gi-20230110135634,2023-01-10 14:20:34
2023-01-10,010,V,A72037,2023-01-10 13:58:00,2023-01-10 14:24:00,4.902,010,A72037-010-V-01o6-20230110140141,2023-01-10 14:17:21
2023-01-10,010,V,A72085,2023-01-10 14:27:00,2023-01-10 14:52:00,4.902,010,A72085-010-V-01o6-20230110143115,2023-01-10 14:47:16
2023-01-10,010,I,A72037,2023-01-10 14:30:00,2023-01-10 14:56:00,5.505,010,A72037-010-I-53gi-20230110143156,2023-01-10 14:53:57
2023-01-10,010,I,A72085,2023-01-10 14:56:00,2023-01-10 15:29:00,5.505,010,A72085-010-I-53gi-20230110145916,2023-01-10 15:26:35
2023-01-10,010,V,A72037,2023-01-10 14:58:00,2023-01-10 15:29:00,4.902,010,A72037-010-V-01o6-20230110150137,2023-01-10 15:22:38
2023-01-10,010,I,A72037,2023-01-10 15:30:00,2023-01-10 15:57:00,5.505,010,A72037-010-I-53gi-20230110153251,2023-01-10 15:54:52
2023-01-10,010,V,A72085,2023-01-10 15:31:00,2023-01-10 15:56:00,4.902,010,A72085-010-V-01o6-20230110153335,2023-01-10 15:50:56
2023-01-10,010,I,A72085,2023-01-10 15:59:00,2023-01-10 16:26:00,5.505,010,A72085-010-I-53gi-20230110160056,2023-01-10 16:23:57
2023-01-10,010,V,A72037,2023-01-10 16:01:00,2023-01-10 16:27:00,4.902,010,A72037-010-V-01o6-20230110160619,2023-01-10 16:21:00
2023-01-10,010,V,A72085,2023-01-10 16:27:00,2023-01-10 16:52:00,4.902,010,A72085-010-V-01o6-20230110163137,2023-01-10 16:44:58
2023-01-10,010,I,A72037,2023-01-10 16:28:00,2023-01-10 17:00:00,5.505,010,A72037-010-I-53gi-20230110163053,2023-01-10 16:57:14
2023-01-10,010,I,A72085,2023-01-10 16:54:00,2023-01-10 17:31:00,5.505,010,A72085-010-I-53gi-20230110165716,2023-01-10 17:26:17
2023-01-10,010,V,A72037,2023-01-10 17:02:00,2023-01-10 17:39:00,4.902,010,A72037-010-V-01o6-20230110170554,2023-01-10 17:28:55
2023-01-10,010,V,A72085,2023-01-10 17:31:00,2023-01-10 18:04:00,4.902,010,A72085-010-V-01o6-20230110173417,2023-01-10 17:53:58
2023-01-10,010,I,A72037,2023-01-10 17:41:00,2023-01-10 18:21:00,5.505,010,A72037-010-I-53gi-20230110174305,2023-01-10 18:16:26
2023-01-10,010,I,A72085,2023-01-10 18:08:00,2023-01-10 18:43:00,5.505,010,A72085-010-I-53gi-20230110181003,2023-01-10 18:40:24
2023-01-10,010,V,A72037,2023-01-10 18:22:00,2023-01-10 18:50:00,4.902,010,A72037-010-V-01o6-20230110182506,2023-01-10 18:42:27
2023-01-10,010,V,A72085,2023-01-10 18:45:00,2023-01-10 19:09:00,4.902,010,A72085-010-V-01o6-20230110184805,2023-01-10 19:03:05
2023-01-10,010,I,A72037,2023-01-10 18:50:00,2023-01-10 19:21:00,5.505,010,A72037-010-I-53gi-20230110185210,2023-01-10 19:18:11
2023-01-10,010,I,A72085,2023-01-10 19:10:00,2023-01-10 19:35:00,5.505,010,A72085-010-I-53gi-20230110191225,2023-01-10 19:32:26
2023-01-10,010,V,A72037,2023-01-10 19:24:00,2023-01-10 19:47:00,4.902,010,A72037-010-V-01o6-20230110192631,2023-01-10 19:40:52
2023-01-10,010,V,A72085,2023-01-10 19:36:00,2023-01-10 19:56:00,4.902,010,A72085-010-V-01o6-20230110193806,2023-01-10 19:49:47
2023-01-10,010,I,A72037,2023-01-10 19:49:00,2023-01-10 20:11:00,5.505,010,A72037-010-I-53gi-20230110195058,2023-01-10 20:09:19
2023-01-10,010,I,A72085,2023-01-10 19:57:00,2023-01-10 20:20:00,5.505,010,A72085-010-I-53gi-20230110195839,2023-01-10 20:16:19
2023-01-10,010,V,A72037,2023-01-10 20:12:00,2023-01-10 20:33:00,4.902,010,A72037-010-V-01o6-20230110201419,2023-01-10 20:24:59
2023-01-10,010,I,A72037,2023-01-10 20:34:00,2023-01-10 20:55:00,5.505,010,A72037-010-I-53gi-20230110203537,2023-01-10 20:53:58
2023-01-11,010,I,A72085,2023-01-11 06:04:00,2023-01-11 06:22:00,5.505,010,A72085-010-I-53gi-20230111060755,2023-01-11 06:21:15
2023-01-11,010,V,A72085,2023-01-11 06:30:00,2023-01-11 06:57:00,4.902,010,A72085-010-V-01o6-20230111063305,2023-01-11 06:47:45
2023-01-11,010,I,A72048,2023-01-11 06:45:00,2023-01-11 07:04:00,5.505,010,A72048-010-I-53gi-20230111064636,2023-01-11 07:03:36
2023-01-11,010,I,A72085,2023-01-11 07:00:00,2023-01-11 07:18:00,5.505,010,A72085-010-I-53gi-20230111070217,2023-01-11 07:15:58
2023-01-11,010,V,A72048,2023-01-11 07:06:00,2023-01-11 07:32:00,4.902,010,A72048-010-V-01o6-20230111070937,2023-01-11 07:23:57
2023-01-11,010,V,A72085,2023-01-11 07:28:00,2023-01-11 08:01:00,4.902,010,A72085-010-V-01o6-20230111073308,2023-01-11 07:47:48
2023-01-11,010,I,A72048,2023-01-11 07:34:00,2023-01-11 08:02:00,5.505,010,A72048-010-I-53gi-20230111073702,2023-01-11 07:59:43
2023-01-11,010,I,A72085,2023-01-11 08:04:00,2023-01-11 08:28:00,5.505,010,A72085-010-I-53gi-20230111080647,2023-01-11 08:25:48
2023-01-11,010,V,A72048,2023-01-11 08:05:00,2023-01-11 08:35:00,4.902,010,A72048-010-V-01o6-20230111080923,2023-01-11 08:27:44
2023-01-11,010,V,A72085,2023-01-11 08:30:00,2023-01-11 08:58:00,4.902,010,A72085-010-V-01o6-20230111083328,2023-01-11 08:52:29
2023-01-11,010,I,A72048,2023-01-11 08:36:00,2023-01-11 09:06:00,5.505,010,A72048-010-I-53gi-20230111083839,2023-01-11 09:03:29
2023-01-11,010,I,A72085,2023-01-11 09:00:00,2023-01-11 09:26:00,5.505,010,A72085-010-I-53gi-20230111090427,2023-01-11 09:23:47
2023-01-11,010,V,A72048,2023-01-11 09:09:00,2023-01-11 09:37:00,4.902,010,A72048-010-V-01o6-20230111091330,2023-01-11 09:30:51
2023-01-11,010,V,A72085,2023-01-11 09:28:00,2023-01-11 09:56:00,4.902,010,A72085-010-V-01o6-20230111093128,2023-01-11 09:43:48
2023-01-11,010,I,A72048,2023-01-11 09:40:00,2023-01-11 10:08:00,5.505,010,A72048-010-I-53gi-20230111094237,2023-01-11 10:05:58
2023-01-11,010,I,A72085,2023-01-11 09:59:00,2023-01-11 10:30:00,5.505,010,A72085-010-I-53gi-20230111100057,2023-01-11 10:27:38
2023-01-11,010,V,A72048,2023-01-11 10:10:00,2023-01-11 10:44:00,4.902,010,A72048-010-V-01o6-20230111101358,2023-01-11 10:35:39
2023-01-11,010,V,A72085,2023-01-11 10:31:00,2023-01-11 11:01:00,4.902,010,A72085-010-V-01o6-20230111103658,2023-01-11 10:55:19
2023-01-11,010,I,A72048,2023-01-11 10:47:00,2023-01-11 11:12:00,5.505,010,A72048-010-I-53gi-20230111104949,2023-01-11 11:09:29
2023-01-11,010,I,A72085,2023-01-11 11:06:00,2023-01-11 11:34:00,5.505,010,A72085-010-I-53gi-20230111111028,2023-01-11 11:31:29
2023-01-11,010,V,A72048,2023-01-11 11:14:00,2023-01-11 11:41:00,4.902,010,A72048-010-V-01o6-20230111111850,2023-01-11 11:31:51
2023-01-11,010,V,A72085,2023-01-11 11:35:00,2023-01-11 11:58:00,4.902,010,A72085-010-V-01o6-20230111113949,2023-01-11 11:56:50
2023-01-11,010,I,A72048,2023-01-11 11:43:00,2023-01-11 12:14:00,5.505,010,A72048-010-I-53gi-20230111114626,2023-01-11 12:11:27
2023-01-11,010,I,A72085,2023-01-11 12:02:00,2023-01-11 12:32:00,5.505,010,A72085-010-I-53gi-20230111120610,2023-01-11 12:29:51
2023-01-11,010,V,A72048,2023-01-11 12:16:00,2023-01-11 12:44:00,4.902,010,A72048-010-V-01o6-20230111122007,2023-01-11 12:36:48
2023-01-11,010,V,A72085,2023-01-11 12:33:00,2023-01-11 13:01:00,4.902,010,A72085-010-V-01o6-20230111123731,2023-01-11 12:51:32
2023-01-11,010,I,A72048,2023-01-11 12:46:00,2023-01-11 13:19:00,5.505,010,A72048-010-I-53gi-20230111124914,2023-01-11 13:15:55
2023-01-11,010,I,A72085,2023-01-11 13:02:00,2023-01-11 13:29:00,5.505,010,A72085-010-I-53gi-20230111130513,2023-01-11 13:25:54
2023-01-11,010,V,A72048,2023-01-11 13:20:00,2023-01-11 13:49:00,4.902,010,A72048-010-V-01o6-20230111132415,2023-01-11 13:37:36
2023-01-11,010,V,A72085,2023-01-11 13:36:00,2023-01-11 14:09:00,4.902,010,A72085-010-V-01o6-20230111133952,2023-01-11 13:53:52
2023-01-11,010,I,A72048,2023-01-11 13:51:00,2023-01-11 14:19:00,5.505,010,A72048-010-I-53gi-20230111135355,2023-01-11 14:16:36
2023-01-11,010,I,A72085,2023-01-11 14:12:00,2023-01-11 14:39:00,5.505,010,A72085-010-I-53gi-20230111141458,2023-01-11 14:36:19
2023-01-11,010,V,A72048,2023-01-11 14:21:00,2023-01-11 14:50:00,4.902,010,A72048-010-V-01o6-20230111142436,2023-01-11 14:40:16
2023-01-11,010,V,A72085,2023-01-11 14:40:00,2023-01-11 15:04:00,4.902,010,A72085-010-V-01o6-20230111144319,2023-01-11 14:58:39
2023-01-11,010,I,A72048,2023-01-11 14:57:00,2023-01-11 15:29:00,5.505,010,A72048-010-I-53gi-20230111150024,2023-01-11 15:24:25
2023-01-11,010,I,A72085,2023-01-11 15:07:00,2023-01-11 15:34:00,5.505,010,A72085-010-I-53gi-20230111151033,2023-01-11 15:31:53
2023-01-11,010,V,A72048,2023-01-11 15:31:00,2023-01-11 15:59:00,4.902,010,A72048-010-V-01o6-20230111153605,2023-01-11 15:53:26
2023-01-11,010,V,A72085,2023-01-11 15:36:00,2023-01-11 16:14:00,4.902,010,A72085-010-V-01o6-20230111154014,2023-01-11 15:54:54
2023-01-11,010,I,A72048,2023-01-11 16:00:00,2023-01-11 16:33:00,5.505,010,A72048-010-I-53gi-20230111160312,2023-01-11 16:27:52
2023-01-11,010,I,A72085,2023-01-11 16:16:00,2023-01-11 16:49:00,5.505,010,A72085-010-I-53gi-20230111161920,2023-01-11 16:46:21
2023-01-11,010,V,A72048,2023-01-11 16:34:00,2023-01-11 17:09:00,4.902,010,A72048-010-V-01o6-20230111163813,2023-01-11 17:02:54
2023-01-11,010,V,A72085,2023-01-11 16:51:00,2023-01-11 17:24:00,4.902,010,A72085-010-V-01o6-20230111165601,2023-01-11 17:15:22
2023-01-11,010,I,A72048,2023-01-11 17:13:00,2023-01-11 17:49:00,5.505,010,A72048-010-I-53gi-20230111171549,2023-01-11 17:46:10
2023-01-11,010,I,A72085,2023-01-11 17:25:00,2023-01-11 17:57:00,5.505,010,A72085-010-I-53gi-20230111172712,2023-01-11 17:54:13
2023-01-11,010,V,A72048,2023-01-11 17:51:00,2023-01-11 18:21:00,4.902,010,A72048-010-V-01o6-20230111175430,2023-01-11 18:11:51
2023-01-11,010,V,A72085,2023-01-11 17:58:00,2023-01-11 18:31:00,4.902,010,A72085-010-V-01o6-20230111180053,2023-01-11 18:14:14
2023-01-11,010,I,A72048,2023-01-11 18:25:00,2023-01-11 18:57:00,5.505,010,A72048-010-I-53gi-20230111182900,2023-01-11 18:53:20
2023-01-11,010,I,A72085,2023-01-11 18:33:00,2023-01-11 18:57:00,5.505,010,A72085-010-I-53gi-20230111183504,2023-01-11 18:54:05
2023-01-11,010,V,A72085,2023-01-11 18:58:00,2023-01-11 19:21:00,4.902,010,A72085-010-V-01o6-20230111190005,2023-01-11 19:12:45
2023-01-11,010,V,A72048,2023-01-11 18:59:00,2023-01-11 19:30:00,4.902,010,A72048-010-V-01o6-20230111190041,2023-01-11 19:14:41
2023-01-11,010,I,A72085,2023-01-11 19:27:00,2023-01-11 19:53:00,5.505,010,A72085-010-I-53gi-20230111193027,2023-01-11 19:50:48
2023-01-11,010,I,A72048,2023-01-11 19:30:00,2023-01-11 19:51:00,5.505,010,A72048-010-I-53gi-20230111193304,2023-01-11 19:48:24
2023-01-11,010,V,A72048,2023-01-11 19:52:00,2023-01-11 20:16:00,4.902,010,A72048-010-V-01o6-20230111195405,2023-01-11 20:10:06
2023-01-11,010,V,A72085,2023-01-11 20:03:00,2023-01-11 20:24:00,4.902,010,A72085-010-V-01o6-20230111200615,2023-01-11 20:17:15
2023-01-11,010,I,A72048,2023-01-11 20:17:00,2023-01-11 20:37:00,5.505,010,A72048-010-I-53gi-20230111201917,2023-01-11 20:36:17
2023-01-11,010,I,A72085,2023-01-11 20:26:00,2023-01-11 20:45:00,5.505,010,A72085-010-I-53gi-20230111202815,2023-01-11 20:42:36
2023-01-11,010,V,A72048,2023-01-11 20:38:00,2023-01-11 21:03:00,4.902,010,A72048-010-V-01o6-20230111204037,2023-01-11 20:54:18
2023-01-11,010,I,A72048,2023-01-11 21:05:00,2023-01-11 21:22:00,5.505,010,A72048-010-I-53gi-20230111210653,2023-01-11 21:20:54
2023-01-12,010,I,A72048,2023-01-12 06:04:00,2023-01-12 06:20:00,5.505,010,A72048-010-I-53gi-20230112060638,2023-01-12 06:18:58
2023-01-12,010,V,A72048,2023-01-12 06:30:00,2023-01-12 07:02:00,4.902,010,A72048-010-V-01o6-20230112063207,2023-01-12 06:48:28
2023-01-12,010,I,A72085,2023-01-12 06:34:00,2023-01-12 06:56:00,5.505,010,A72085-010-I-53gi-20230112063648,2023-01-12 06:53:29
2023-01-12,010,I,A72048,2023-01-12 07:03:00,2023-01-12 07:25:00,5.505,010,A72048-010-I-53gi-20230112070615,2023-01-12 07:21:56
2023-01-12,010,V,A72085,2023-01-12 07:05:00,2023-01-12 07:35:00,4.902,010,A72085-010-V-01o6-20230112071018,2023-01-12 07:28:19
2023-01-12,010,V,A72048,2023-01-12 07:27:00,2023-01-12 07:55:00,4.902,010,A72048-010-V-01o6-20230112073136,2023-01-12 07:45:17
2023-01-12,010,I,A72085,2023-01-12 07:40:00,2023-01-12 08:05:00,5.505,010,A72085-010-I-53gi-20230112074239,2023-01-12 08:01:40
2023-01-12,010,I,A72048,2023-01-12 07:59:00,2023-01-12 08:24:00,5.505,010,A72048-010-I-53gi-20230112080048,2023-01-12 08:20:28
2023-01-12,010,V,A72085,2023-01-12 08:07:00,2023-01-12 08:41:00,4.902,010,A72085-010-V-01o6-20230112081100,2023-01-12 08:33:41
2023-01-12,010,V,A72048,2023-01-12 08:28:00,2023-01-12 09:04:00,4.902,010,A72048-010-V-01o6-20230112083409,2023-01-12 08:54:30
2023-01-12,010,I,A72085,2023-01-12 08:43:00,2023-01-12 09:08:00,5.505,010,A72085-010-I-53gi-20230112084721,2023-01-12 09:05:42
2023-01-12,010,I,A72048,2023-01-12 09:06:00,2023-01-12 09:36:00,5.505,010,A72048-010-I-53gi-20230112090906,2023-01-12 09:31:47
2023-01-12,010,V,A72085,2023-01-12 09:11:00,2023-01-12 09:43:00,4.902,010,A72085-010-V-01o6-20230112091402,2023-01-12 09:34:03
2023-01-12,010,V,A72048,2023-01-12 09:38:00,2023-01-12 10:05:00,4.902,010,A72048-010-V-01o6-20230112094327,2023-01-12 10:03:08
2023-01-12,010,I,A72085,2023-01-12 09:48:00,2023-01-12 10:15:00,5.505,010,A72085-010-I-53gi-20230112095043,2023-01-12 10:11:44
2023-01-12,010,I,A72048,2023-01-12 10:08:00,2023-01-12 10:38:00,5.505,010,A72048-010-I-53gi-20230112101108,2023-01-12 10:36:09
2023-01-12,010,V,A72085,2023-01-12 10:17:00,2023-01-12 10:41:00,4.902,010,A72085-010-V-01o6-20230112102145,2023-01-12 10:36:45
2023-01-12,010,V,A72048,2023-01-12 10:40:00,2023-01-12 11:12:00,4.902,010,A72048-010-V-01o6-20230112104349,2023-01-12 11:07:50
2023-01-12,010,I,A72085,2023-01-12 10:42:00,2023-01-12 11:10:00,5.505,010,A72085-010-I-53gi-20230112104445,2023-01-12 11:07:26
2023-01-12,010,V,A72085,2023-01-12 11:11:00,2023-01-12 11:39:00,4.902,010,A72085-010-V-01o6-20230112111526,2023-01-12 11:31:27
2023-01-12,010,I,A72048,2023-01-12 11:14:00,2023-01-12 11:39:00,5.505,010,A72048-010-I-53gi-20230112111710,2023-01-12 11:36:11
2023-01-12,010,V,A72048,2023-01-12 11:40:00,2023-01-12 12:10:00,4.902,010,A72048-010-V-01o6-20230112114341,2023-01-12 12:06:22
2023-01-12,010,I,A72085,2023-01-12 11:42:00,2023-01-12 12:10:00,5.505,010,A72085-010-I-53gi-20230112114341,2023-01-12 12:07:22
2023-01-12,010,V,A72085,2023-01-12 12:11:00,2023-01-12 12:40:00,4.902,010,A72085-010-V-01o6-20230112121602,2023-01-12 12:33:43
2023-01-12,010,I,A72048,2023-01-12 12:14:00,2023-01-12 12:40:00,5.505,010,A72048-010-I-53gi-20230112121742,2023-01-12 12:38:03
2023-01-12,010,I,A72085,2023-01-12 12:43:00,2023-01-12 13:10:00,5.505,010,A72085-010-I-53gi-20230112124543,2023-01-12 13:08:29
2023-01-12,010,V,A72048,2023-01-12 12:43:00,2023-01-12 13:03:00,4.902,010,A72048-010-V-01o6-20230112124603,2023-01-12 13:02:03
2023-01-12,010,I,A72048,2023-01-12 13:05:00,2023-01-12 13:31:00,5.505,010,A72048-010-I-53gi-20230112130804,2023-01-12 13:29:44
2023-01-12,010,V,A72085,2023-01-12 13:12:00,2023-01-12 13:42:00,4.902,010,A72085-010-V-01o6-20230112131609,2023-01-12 13:32:49
2023-01-12,010,V,A72048,2023-01-12 13:32:00,2023-01-12 13:59:00,4.902,010,A72048-010-V-01o6-20230112133524,2023-01-12 13:48:45
2023-01-12,010,I,A72085,2023-01-12 13:44:00,2023-01-12 14:12:00,5.505,010,A72085-010-I-53gi-20230112134628,2023-01-12 14:10:09
2023-01-12,010,I,A72048,2023-01-12 14:01:00,2023-01-12 14:30:00,5.505,010,A72048-010-I-53gi-20230112140400,2023-01-12 14:28:01
2023-01-12,010,V,A72085,2023-01-12 14:16:00,2023-01-12 14:48:00,4.902,010,A72085-010-V-01o6-20230112142007,2023-01-12 14:40:48
2023-01-12,010,V,A72048,2023-01-12 14:32:00,2023-01-12 15:02:00,4.902,010,A72048-010-V-01o6-20230112143522,2023-01-12 14:54:22
2023-01-12,010,I,A72085,2023-01-12 14:51:00,2023-01-12 15:23:00,5.505,010,A72085-010-I-53gi-20230112145504,2023-01-12 15:19:45
2023-01-12,010,I,A72048,2023-01-12 15:03:00,2023-01-12 15:33:00,5.505,010,A72048-010-I-53gi-20230112150618,2023-01-12 15:30:38
2023-01-12,010,V,A72085,2023-01-12 15:26:00,2023-01-12 15:57:00,4.902,010,A72085-010-V-01o6-20230112153105,2023-01-12 15:49:46
2023-01-12,010,V,A72048,2023-01-12 15:34:00,2023-01-12 16:16:00,4.902,010,A72048-010-V-01o6-20230112153739,2023-01-12 15:54:39
2023-01-12,010,I,A72085,2023-01-12 16:03:00,2023-01-12 16:35:00,5.505,010,A72085-010-I-53gi-20230112160519,2023-01-12 16:30:40
2023-01-12,010,I,A72048,2023-01-12 16:18:00,2023-01-12 16:45:00,5.505,010,A72048-010-I-53gi-20230112162118,2023-01-12 16:42:59
2023-01-12,010,V,A72085,2023-01-12 16:38:00,2023-01-12 17:08:00,4.902,010,A72085-010-V-01o6-20230112164221,2023-01-12 17:01:01
2023-01-12,010,V,A72048,2023-01-12 16:54:00,2023-01-12 17:22:00,4.902,010,A72048-010-V-01o6-20230112165749,2023-01-12 17:12:30
2023-01-12,010,I,A72085,2023-01-12 17:11:00,2023-01-12 17:46:00,5.505,010,A72085-010-I-53gi-20230112171355,2023-01-12 17:40:55
2023-01-12,010,I,A72048,2023-01-12 17:22:00,2023-01-12 17:51:00,5.505,010,A72048-010-I-53gi-20230112172432,2023-01-12 17:48:13
2023-01-12,010,V,A72085,2023-01-12 17:48:00,2023-01-12 18:17:00,4.902,010,A72085-010-V-01o6-20230112175036,2023-01-12 18:09:16
2023-01-12,010,V,A72048,2023-01-12 17:52:00,2023-01-12 18:36:00,4.902,010,A72048-010-V-01o6-20230112175553,2023-01-12 18:13:14
2023-01-12,010,I,A72085,2023-01-12 18:21:00,2023-01-12 18:58:00,5.505,010,A72085-010-I-53gi-20230112182240,2023-01-12 18:52:35
2023-01-12,010,I,A72048,2023-01-12 18:38:00,2023-01-12 19:07:00,5.505,010,A72048-010-I-53gi-20230112183936,2023-01-12 19:04:57
2023-01-12,010,V,A72085,2023-01-12 18:59:00,2023-01-12 19:23:00,4.902,010,A72085-010-V-01o6-20230112190235,2023-01-12 19:16:56
2023-01-12,010,V,A72048,2023-01-12 19:12:00,2023-01-12 19:41:00,4.902,010,A72048-010-V-01o6-20230112191548,2023-01-12 19:33:08
2023-01-12,010,I,A72085,2023-01-12 19:24:00,2023-01-12 19:55:00,5.505,010,A72085-010-I-53gi-20230112192610,2023-01-12 19:52:31
2023-01-12,010,I,A72048,2023-01-12 19:44:00,2023-01-12 20:04:00,5.505,010,A72048-010-I-53gi-20230112194557,2023-01-12 20:02:18
2023-01-12,010,V,A72085,2023-01-12 19:57:00,2023-01-12 20:26:00,4.902,010,A72085-010-V-01o6-20230112200011,2023-01-12 20:18:32
2023-01-12,010,V,A72048,2023-01-12 20:12:00,2023-01-12 20:37:00,4.902,010,A72048-010-V-01o6-20230112201545,2023-01-12 20:28:45
2023-01-12,010,I,A72085,2023-01-12 20:31:00,2023-01-12 20:49:00,5.505,010,A72085-010-I-53gi-20230112203631,2023-01-12 20:48:12
2023-01-12,010,I,A72048,2023-01-12 20:38:00,2023-01-12 20:57:00,5.505,010,A72048-010-I-53gi-20230112204019,2023-01-12 20:56:00
2023-01-12,010,V,A72085,2023-01-12 20:52:00,2023-01-12 21:18:00,4.902,010,A72085-010-V-01o6-20230112205732,2023-01-12 21:11:12
2023-01-13,010,I,A72048,2023-01-13 06:01:00,2023-01-13 06:18:00,5.505,010,A72048-010-I-53gi-20230113060326,2023-01-13 06:15:46
2023-01-13,010,I,A72085,2023-01-13 06:30:00,2023-01-13 06:52:00,5.505,010,A72085-010-I-53gi-20230113063208,2023-01-13 06:49:29
2023-01-13,010,V,A72048,2023-01-13 06:31:00,2023-01-13 07:00:00,4.902,010,A72048-010-V-01o6-20230113063503,2023-01-13 06:48:43
2023-01-13,010,V,A72085,2023-01-13 06:54:00,2023-01-13 07:29:00,4.902,010,A72085-010-V-01o6-20230113070049,2023-01-13 07:16:30
2023-01-13,010,I,A72048,2023-01-13 07:03:00,2023-01-13 07:22:00,5.505,010,A72048-010-I-53gi-20230113070548,2023-01-13 07:20:08
2023-01-13,010,V,A72048,2023-01-13 07:30:00,2023-01-13 08:02:00,4.902,010,A72048-010-V-01o6-20230113073404,2023-01-13 07:50:24
2023-01-13,010,I,A72085,2023-01-13 07:33:00,2023-01-13 07:54:00,5.505,010,A72085-010-I-53gi-20230113073624,2023-01-13 07:51:45
2023-01-13,010,V,A72085,2023-01-13 07:57:00,2023-01-13 08:28:00,4.902,010,A72085-010-V-01o6-20230113080505,2023-01-13 08:21:26
2023-01-13,010,I,A72048,2023-01-13 08:09:00,2023-01-13 08:32:00,5.505,010,A72048-010-I-53gi-20230113081038,2023-01-13 08:29:39
2023-01-13,010,I,A72085,2023-01-13 08:31:00,2023-01-13 08:56:00,5.505,010,A72085-010-I-53gi-20230113083340,2023-01-13 08:53:41
2023-01-13,010,V,A72048,2023-01-13 08:34:00,2023-01-13 08:59:00,4.902,010,A72048-010-V-01o6-20230113083919,2023-01-13 08:55:20
2023-01-13,010,V,A72085,2023-01-13 08:58:00,2023-01-13 09:29:00,4.902,010,A72085-010-V-01o6-20230113090201,2023-01-13 09:23:22
2023-01-13,010,I,A72048,2023-01-13 09:05:00,2023-01-13 09:30:00,5.505,010,A72048-010-I-53gi-20230113090820,2023-01-13 09:27:41
2023-01-13,010,V,A72048,2023-01-13 09:33:00,2023-01-13 10:04:00,4.902,010,A72048-010-V-01o6-20230113093702,2023-01-13 09:57:22
2023-01-13,010,I,A72085,2023-01-13 09:35:00,2023-01-13 10:04:00,5.505,010,A72085-010-I-53gi-20230113093913,2023-01-13 10:03:33
2023-01-13,010,V,A72085,2023-01-13 10:06:00,2023-01-13 10:29:00,4.902,010,A72085-010-V-01o6-20230113101054,2023-01-13 10:23:14
2023-01-13,010,I,A72048,2023-01-13 10:07:00,2023-01-13 10:29:00,5.505,010,A72048-010-I-53gi-20230113101023,2023-01-13 10:27:23
2023-01-13,010,I,A72085,2023-01-13 10:30:00,2023-01-13 10:52:00,5.505,010,A72085-010-I-53gi-20230113103254,2023-01-13 10:50:15
2023-01-13,010,V,A72048,2023-01-13 10:37:00,2023-01-13 11:06:00,4.902,010,A72048-010-V-01o6-20230113104217,2023-01-13 10:59:57
2023-01-13,010,V,A72085,2023-01-13 10:58:00,2023-01-13 11:26:00,4.902,010,A72085-010-V-01o6-20230113110156,2023-01-13 11:19:36
2023-01-13,010,I,A72048,2023-01-13 11:09:00,2023-01-13 11:37:00,5.505,010,A72048-010-I-53gi-20230113111238,2023-01-13 11:34:38
2023-01-13,010,I,A72085,2023-01-13 11:29:00,2023-01-13 11:58:00,5.505,010,A72085-010-I-53gi-20230113113030,2023-01-13 11:56:11
2023-01-13,010,V,A72048,2023-01-13 11:40:00,2023-01-13 12:09:00,4.902,010,A72048-010-V-01o6-20230113114459,2023-01-13 12:05:39
2023-01-13,010,V,A72085,2023-01-13 11:59:00,2023-01-13 12:20:00,4.902,010,A72085-010-V-01o6-20230113120511,2023-01-13 12:19:32
2023-01-13,010,I,A72048,2023-01-13 12:12:00,2023-01-13 12:43:00,5.505,010,A72048-010-I-53gi-20230113121720,2023-01-13 12:39:20
2023-01-13,010,I,A72085,2023-01-13 12:30:00,2023-01-13 12:50:00,5.505,010,A72085-010-I-53gi-20230113123232,2023-01-13 12:49:33
2023-01-13,010,V,A72048,2023-01-13 12:44:00,2023-01-13 13:08:00,4.902,010,A72048-010-V-01o6-20230113124741,2023-01-13 13:04:21
2023-01-13,010,V,A72085,2023-01-13 13:01:00,2023-01-13 13:34:00,4.902,010,A72085-010-V-01o6-20230113130330,2023-01-13 13:23:11
2023-01-13,010,I,A72048,2023-01-13 13:10:00,2023-01-13 13:39:00,5.505,010,A72048-010-I-53gi-20230113131201,2023-01-13 13:36:02
2023-01-13,010,I,A72085,2023-01-13 13:35:00,2023-01-13 14:01:00,5.505,010,A72085-010-I-53gi-20230113133725,2023-01-13 13:58:26
2023-01-13,010,V,A72048,2023-01-13 13:40:00,2023-01-13 14:12:00,4.902,010,A72048-010-V-01o6-20230113134342,2023-01-13 14:02:43
2023-01-13,010,V,A72085,2023-01-13 14:04:00,2023-01-13 14:36:00,4.902,010,A72085-010-V-01o6-20230113141126,2023-01-13 14:30:27
2023-01-13,010,I,A72048,2023-01-13 14:16:00,2023-01-13 14:46:00,5.505,010,A72048-010-I-53gi-20230113141827,2023-01-13 14:43:48
2023-01-13,010,I,A72085,2023-01-13 14:37:00,2023-01-13 15:06:00,5.505,010,A72085-010-I-53gi-20230113144227,2023-01-13 15:02:28
2023-01-13,010,V,A72048,2023-01-13 14:49:00,2023-01-13 15:19:00,4.902,010,A72048-010-V-01o6-20230113145208,2023-01-13 15:09:49
2023-01-13,010,V,A72085,2023-01-13 15:08:00,2023-01-13 15:36:00,4.902,010,A72085-010-V-01o6-20230113151148,2023-01-13 15:29:29
2023-01-13,010,I,A72048,2023-01-13 15:20:00,2023-01-13 15:45:00,5.505,010,A72048-010-I-53gi-20230113152134,2023-01-13 15:42:15
2023-01-13,010,I,A72085,2023-01-13 15:38:00,2023-01-13 16:12:00,5.505,010,A72085-010-I-53gi-20230113154041,2023-01-13 16:06:22
2023-01-13,010,V,A72048,2023-01-13 15:53:00,2023-01-13 16:16:00,4.902,010,A72048-010-V-01o6-20230113155510,2023-01-13 16:08:50
2023-01-13,010,V,A72085,2023-01-13 16:13:00,2023-01-13 16:39:00,4.902,010,A72085-010-V-01o6-20230113161723,2023-01-13 16:32:23
2023-01-13,010,I,A72048,2023-01-13 16:19:00,2023-01-13 16:54:00,5.505,010,A72048-010-I-53gi-20230113162335,2023-01-13 16:50:35
2023-01-13,010,I,A72085,2023-01-13 16:42:00,2023-01-13 17:08:00,5.505,010,A72085-010-I-53gi-20230113164513,2023-01-13 17:04:13
2023-01-13,010,V,A72048,2023-01-13 16:56:00,2023-01-13 17:24:00,4.902,010,A72048-010-V-01o6-20230113165956,2023-01-13 17:19:36
2023-01-13,010,V,A72085,2023-01-13 17:09:00,2023-01-13 17:34:00,4.902,010,A72085-010-V-01o6-20230113171154,2023-01-13 17:25:54
2023-01-13,010,I,A72048,2023-01-13 17:27:00,2023-01-13 17:58:00,5.505,010,A72048-010-I-53gi-20230113172917,2023-01-13 17:54:18
2023-01-13,010,I,A72085,2023-01-13 17:36:00,2023-01-13 18:05:00,5.505,010,A72085-010-I-53gi-20230113173833,2023-01-13 18:02:14
2023-01-13,010,V,A72048,2023-01-13 18:00:00,2023-01-13 18:22:00,4.902,010,A72048-010-V-01o6-20230113180218,2023-01-13 18:15:38
2023-01-13,010,V,A72085,2023-01-13 18:06:00,2023-01-13 18:39:00,4.902,010,A72085-010-V-01o6-20230113180854,2023-01-13 18:26:14
2023-01-13,010,I,A72048,2023-01-13 18:31:00,2023-01-13 19:03:00,5.505,010,A72048-010-I-53gi-20230113183247,2023-01-13 19:00:08
2023-01-13,010,I,A72085,2023-01-13 18:41:00,2023-01-13 19:11:00,5.505,010,A72085-010-I-53gi-20230113184231,2023-01-13 19:08:32
2023-01-13,010,V,A72048,2023-01-13 19:04:00,2023-01-13 19:30:00,4.902,010,A72048-010-V-01o6-20230113190808,2023-01-13 19:22:29
2023-01-13,010,V,A72085,2023-01-13 19:12:00,2023-01-13 19:41:00,4.902,010,A72085-010-V-01o6-20230113191552,2023-01-13 19:29:53
2023-01-13,010,I,A72048,2023-01-13 19:33:00,2023-01-13 19:53:00,5.505,010,A72048-010-I-53gi-20230113193446,2023-01-13 19:52:06
2023-01-13,010,I,A72085,2023-01-13 19:43:00,2023-01-13 20:02:00,5.505,010,A72085-010-I-53gi-20230113194535,2023-01-13 20:00:15
2023-01-13,010,V,A72048,2023-01-13 19:55:00,2023-01-13 20:19:00,4.902,010,A72048-010-V-01o6-20230113195827,2023-01-13 20:12:07
2023-01-13,010,I,A72048,2023-01-13 20:21:00,2023-01-13 20:43:00,5.505,010,A72048-010-I-53gi-20230113202301,2023-01-13 20:40:02
2023-01-13,010,V,A72048,2023-01-13 20:46:00,2023-01-13 21:09:00,4.902,010,A72048-010-V-01o6-20230113205002,2023-01-13 21:01:03
2023-01-13,010,I,A72048,2023-01-13 21:11:00,2023-01-13 21:35:00,5.505,010,A72048-010-I-53gi-20230113211230,2023-01-13 21:32:11
2023-01-14,010,I,A72085,2023-01-14 06:04:00,2023-01-14 06:22:00,5.505,010,A72085-010-I-53gi-20230114060626,2023-01-14 06:21:46
2023-01-14,010,V,A72085,2023-01-14 06:31:00,2023-01-14 06:57:00,4.902,010,A72085-010-V-01o6-20230114063300,2023-01-14 06:43:01
2023-01-14,010,I,A72085,2023-01-14 07:02:00,2023-01-14 07:18:00,5.505,010,A72085-010-I-53gi-20230114070321,2023-01-14 07:16:42
2023-01-14,010,V,A72085,2023-01-14 07:30:00,2023-01-14 07:57:00,4.902,010,A72085-010-V-01o6-20230114073233,2023-01-14 07:43:54
2023-01-14,010,I,A72085,2023-01-14 08:01:00,2023-01-14 08:18:00,5.505,010,A72085-010-I-53gi-20230114080337,2023-01-14 08:17:18
2023-01-14,010,V,A72085,2023-01-14 08:32:00,2023-01-14 08:58:00,4.902,010,A72085-010-V-01o6-20230114083602,2023-01-14 08:47:43
2023-01-14,010,I,A72085,2023-01-14 09:04:00,2023-01-14 09:30:00,5.505,010,A72085-010-I-53gi-20230114090732,2023-01-14 09:25:13
2023-01-14,010,V,A72085,2023-01-14 09:32:00,2023-01-14 09:59:00,4.902,010,A72085-010-V-01o6-20230114093713,2023-01-14 09:49:34
2023-01-14,010,I,A72085,2023-01-14 10:11:00,2023-01-14 10:32:00,5.505,010,A72085-010-I-53gi-20230114101343,2023-01-14 10:30:23
2023-01-14,010,V,A72085,2023-01-14 10:34:00,2023-01-14 11:00:00,4.902,010,A72085-010-V-01o6-20230114103743,2023-01-14 10:51:04
2023-01-14,010,I,A72085,2023-01-14 11:02:00,2023-01-14 11:26:00,5.505,010,A72085-010-I-53gi-20230114110443,2023-01-14 11:23:03
2023-01-14,010,V,A72085,2023-01-14 11:34:00,2023-01-14 11:54:00,4.902,010,A72085-010-V-01o6-20230114113904,2023-01-14 11:54:24
2023-01-14,010,I,A72085,2023-01-14 12:13:00,2023-01-14 12:39:00,5.505,010,A72085-010-I-53gi-20230114121845,2023-01-14 12:35:06
2023-01-14,010,V,A72085,2023-01-14 12:41:00,2023-01-14 12:59:00,4.902,010,A72085-010-V-01o6-20230114124446,2023-01-14 12:59:06
2023-01-14,010,I,A72085,2023-01-14 13:02:00,2023-01-14 13:27:00,5.505,010,A72085-010-I-53gi-20230114130607,2023-01-14 13:23:07
2023-01-14,010,V,A72085,2023-01-14 13:29:00,2023-01-14 13:57:00,4.902,010,A72085-010-V-01o6-20230114133147,2023-01-14 13:47:48
2023-01-14,010,I,A72085,2023-01-14 14:04:00,2023-01-14 14:34:00,5.505,010,A72085-010-I-53gi-20230114140737,2023-01-14 14:31:58
2023-01-14,010,V,A72085,2023-01-14 14:36:00,2023-01-14 15:05:00,4.902,010,A72085-010-V-01o6-20230114144038,2023-01-14 14:58:59
2023-01-14,010,I,A72085,2023-01-14 15:12:00,2023-01-14 15:34:00,5.505,010,A72085-010-I-53gi-20230114151606,2023-01-14 15:29:27
2023-01-14,010,V,A72085,2023-01-14 15:36:00,2023-01-14 15:55:00,4.902,010,A72085-010-V-01o6-20230114153907,2023-01-14 15:51:27
2023-01-14,010,I,A72085,2023-01-14 15:57:00,2023-01-14 16:18:00,5.505,010,A72085-010-I-53gi-20230114160008,2023-01-14 16:14:48
2023-01-14,010,V,A72085,2023-01-14 16:21:00,2023-01-14 16:47:00,4.902,010,A72085-010-V-01o6-20230114162528,2023-01-14 16:41:09
2023-01-14,010,I,A72085,2023-01-14 16:49:00,2023-01-14 17:09:00,5.505,010,A72085-010-I-53gi-20230114165049,2023-01-14 17:04:49
2023-01-14,010,V,A72085,2023-01-14 17:11:00,2023-01-14 17:37:00,4.902,010,A72085-010-V-01o6-20230114171459,2023-01-14 17:29:59
2023-01-14,010,I,A72085,2023-01-14 17:39:00,2023-01-14 17:58:00,5.505,010,A72085-010-I-53gi-20230114174125,2023-01-14 17:55:06
2023-01-14,010,V,A72085,2023-01-14 18:00:00,2023-01-14 18:23:00,4.902,010,A72085-010-V-01o6-20230114180346,2023-01-14 18:14:27
2023-01-14,010,I,A72085,2023-01-14 18:26:00,2023-01-14 18:46:00,5.505,010,A72085-010-I-53gi-20230114182737,2023-01-14 18:43:18
2023-01-14,010,V,A72085,2023-01-14 18:47:00,2023-01-14 19:12:00,4.902,010,A72085-010-V-01o6-20230114185238,2023-01-14 19:06:38
2023-01-14,010,I,A72085,2023-01-14 20:10:00,2023-01-14 20:27:00,5.505,010,A72085-010-I-53gi-20230114201146,2023-01-14 20:24:26
2023-01-15,010,I,A72085,2023-01-15 06:36:00,2023-01-15 06:52:00,5.505,010,A72085-010-I-53gi-20230115063754,2023-01-15 06:50:34
2023-01-15,010,V,A72085,2023-01-15 06:52:00,2023-01-15 07:04:00,4.902,010,A72085-010-V-01o6-20230115065454,2023-01-15 07:03:34
2023-01-15,010,I,A72085,2023-01-15 07:05:00,2023-01-15 07:19:00,5.505,010,A72085-010-I-53gi-20230115070655,2023-01-15 07:17:15
2023-01-15,010,V,A72085,2023-01-15 07:20:00,2023-01-15 07:55:00,4.902,010,A72085-010-V-01o6-20230115073522,2023-01-15 07:47:02
2023-01-15,010,I,A72085,2023-01-15 08:01:00,2023-01-15 08:17:00,5.505,010,A72085-010-I-53gi-20230115080332,2023-01-15 08:15:12
2023-01-15,010,V,A72085,2023-01-15 08:27:00,2023-01-15 09:02:00,4.902,010,A72085-010-V-01o6-20230115083113,2023-01-15 08:43:53
2023-01-15,010,I,A72085,2023-01-15 09:06:00,2023-01-15 09:24:00,5.505,010,A72085-010-I-53gi-20230115090837,2023-01-15 09:20:17
2023-01-15,010,V,A72085,2023-01-15 09:32:00,2023-01-15 09:52:00,4.902,010,A72085-010-V-01o6-20230115093539,2023-01-15 09:46:39
2023-01-15,010,I,A72085,2023-01-15 10:02:00,2023-01-15 10:19:00,5.505,010,A72085-010-I-53gi-20230115100437,2023-01-15 10:16:37
2023-01-15,010,V,A72085,2023-01-15 10:25:00,2023-01-15 10:49:00,4.902,010,A72085-010-V-01o6-20230115103031,2023-01-15 10:44:51
2023-01-15,010,I,A72085,2023-01-15 10:58:00,2023-01-15 11:13:00,5.505,010,A72085-010-I-53gi-20230115110027,2023-01-15 11:10:27
2023-01-15,010,V,A72085,2023-01-15 11:23:00,2023-01-15 11:46:00,4.902,010,A72085-010-V-01o6-20230115112651,2023-01-15 11:41:32
2023-01-15,010,I,A72085,2023-01-15 11:52:00,2023-01-15 12:17:00,5.505,010,A72085-010-I-53gi-20230115115516,2023-01-15 12:11:37
2023-01-15,010,V,A72085,2023-01-15 12:27:00,2023-01-15 12:48:00,4.902,010,A72085-010-V-01o6-20230115123207,2023-01-15 12:43:27
2023-01-15,010,I,A72085,2023-01-15 12:51:00,2023-01-15 13:10:00,5.505,010,A72085-010-I-53gi-20230115125408,2023-01-15 13:07:48
2023-01-15,010,V,A72085,2023-01-15 13:22:00,2023-01-15 13:55:00,4.902,010,A72085-010-V-01o6-20230115132752,2023-01-15 13:43:32
2023-01-15,010,I,A72085,2023-01-15 13:56:00,2023-01-15 14:16:00,5.505,010,A72085-010-I-53gi-20230115135836,2023-01-15 14:13:17
2023-01-15,010,V,A72085,2023-01-15 14:22:00,2023-01-15 14:48:00,4.902,010,A72085-010-V-01o6-20230115142557,2023-01-15 14:40:58
2023-01-15,010,I,A72085,2023-01-15 14:49:00,2023-01-15 15:09:00,5.505,010,A72085-010-I-53gi-20230115145059,2023-01-15 15:06:59
2023-01-15,010,V,A72085,2023-01-15 15:10:00,2023-01-15 15:40:00,4.902,010,A72085-010-V-01o6-20230115151820,2023-01-15 15:33:00
2023-01-15,010,I,A72085,2023-01-15 15:42:00,2023-01-15 16:05:00,5.505,010,A72085-010-I-53gi-20230115154341,2023-01-15 16:01:32
2023-01-15,010,V,A72085,2023-01-15 16:11:00,2023-01-15 16:38:00,4.902,010,A72085-010-V-01o6-20230115161413,2023-01-15 16:31:33
2023-01-15,010,I,A72085,2023-01-15 16:40:00,2023-01-15 17:00:00,5.505,010,A72085-010-I-53gi-20230115164214,2023-01-15 16:57:34
2023-01-15,010,V,A72085,2023-01-15 17:01:00,2023-01-15 17:43:00,4.902,010,A72085-010-V-01o6-20230115170554,2023-01-15 17:33:20
2023-01-15,010,I,A72085,2023-01-15 17:44:00,2023-01-15 18:08:00,5.505,010,A72085-010-I-53gi-20230115174633,2023-01-15 18:06:13
2023-01-15,010,V,A72085,2023-01-15 18:09:00,2023-01-15 18:49:00,4.902,010,A72085-010-V-01o6-20230115181354,2023-01-15 18:35:34
2023-01-15,010,I,A72085,2023-01-15 18:51:00,2023-01-15 19:14:00,5.505,010,A72085-010-I-53gi-20230115185202,2023-01-15 19:11:03
2023-01-15,010,V,A72085,2023-01-15 19:16:00,2023-01-15 19:38:00,4.902,010,A72085-010-V-01o6-20230115191823,2023-01-15 19:32:43
2023-01-15,010,I,A72085,2023-01-15 19:41:00,2023-01-15 19:59:00,5.505,010,A72085-010-I-53gi-20230115194245,2023-01-15 19:57:06
2023-01-15,010,V,A72085,2023-01-15 20:06:00,2023-01-15 20:28:00,4.902,010,A72085-010-V-01o6-20230115200857,2023-01-15 20:20:57
2023-01-15,010,I,A72085,2023-01-15 20:30:00,2023-01-15 20:53:00,5.505,010,A72085-010-I-53gi-20230115203229,2023-01-15 20:50:30
