data,servico,sentido,id_veiculo,datetime_partida,datetime_chegada,extensao
2023-01-02,010,I,A72037,2023-01-02 06:07:00,2023-01-02 06:22:00,5.505
2023-01-02,010,V,A72037,2023-01-02 06:29:00,2023-01-02 06:56:00,4.902
2023-01-02,010,I,A72085,2023-01-02 06:33:00,2023-01-02 06:52:00,5.505
2023-01-02,010,I,A72037,2023-01-02 06:58:00,2023-01-02 07:16:00,5.505
2023-01-02,010,V,A72085,2023-01-02 07:03:00,2023-01-02 07:29:00,4.902
2023-01-02,010,V,A72037,2023-01-02 07:28:00,2023-01-02 07:58:00,4.902
2023-01-02,010,I,A72085,2023-01-02 07:31:00,2023-01-02 07:54:00,5.505
2023-01-02,010,V,A72085,2023-01-02 08:02:00,2023-01-02 08:30:00,4.902
2023-01-02,010,I,A72037,2023-01-02 08:02:00,2023-01-02 08:24:00,5.505
2023-01-02,010,I,A72085,2023-01-02 08:31:00,2023-01-02 08:54:00,5.505
2023-01-02,010,V,A72037,2023-01-02 08:31:00,2023-01-02 09:02:00,4.902
2023-01-02,010,V,A72085,2023-01-02 09:03:00,2023-01-02 09:31:00,4.902
2023-01-02,010,I,A72037,2023-01-02 09:05:00,2023-01-02 09:33:00,5.505
2023-01-02,010,V,A72037,2023-01-02 09:34:00,2023-01-02 10:01:00,4.902
2023-01-02,010,I,A72085,2023-01-02 09:36:00,2023-01-02 09:58:00,5.505
2023-01-02,010,V,A72085,2023-01-02 10:00:00,2023-01-02 10:27:00,4.902
2023-01-02,010,I,A72037,2023-01-02 10:03:00,2023-01-02 10:26:00,5.505
2023-01-02,010,V,A72037,2023-01-02 10:30:00,2023-01-02 10:57:00,4.902
2023-01-02,010,I,A72085,2023-01-02 10:32:00,2023-01-02 10:54:00,5.505
2023-01-02,010,I,A72037,2023-01-02 10:58:00,2023-01-02 11:22:00,5.505
2023-01-02,010,V,A72085,2023-01-02 11:02:00,2023-01-02 11:29:00,4.902
2023-01-02,010,V,A72037,2023-01-02 11:29:00,2023-01-02 11:57:00,4.902
2023-01-02,010,I,A72085,2023-01-02 11:33:00,2023-01-02 12:00:00,5.505
2023-01-02,010,I,A72037,2023-01-02 11:59:00,2023-01-02 12:22:00,5.505
2023-01-02,010,V,A72085,2023-01-02 12:06:00,2023-01-02 12:31:00,4.902
2023-01-02,010,V,A72037,2023-01-02 12:33:00,2023-01-02 12:57:00,4.902
2023-01-02,010,I,A72085,2023-01-02 12:38:00,2023-01-02 13:00:00,5.505
2023-01-02,010,I,A72037,2023-01-02 12:59:00,2023-01-02 13:23:00,5.505
2023-01-02,010,V,A72085,2023-01-02 13:06:00,2023-01-02 13:29:00,4.902
2023-01-02,010,V,A72037,2023-01-02 13:30:00,2023-01-02 14:01:00,4.902
2023-01-02,010,I,A72085,2023-01-02 13:32:00,2023-01-02 13:57:00,5.505
2023-01-02,010,I,A72037,2023-01-02 14:04:00,2023-01-02 14:33:00,5.505
2023-01-02,010,V,A72085,2023-01-02 14:05:00,2023-01-02 14:31:00,4.902
2023-01-02,010,V,A72037,2023-01-02 14:34:00,2023-01-02 15:01:00,4.902
2023-01-02,010,I,A72085,2023-01-02 14:34:00,2023-01-02 14:55:00,5.505
2023-01-02,010,I,A72037,2023-01-02 15:02:00,2023-01-02 15:31:00,5.505
2023-01-02,010,V,A72085,2023-01-02 15:06:00,2023-01-02 15:31:00,4.902
2023-01-02,010,V,A72037,2023-01-02 15:32:00,2023-01-02 15:54:00,4.902
2023-01-02,010,I,A72085,2023-01-02 15:34:00,2023-01-02 16:00:00,5.505
2023-01-02,010,I,A72037,2023-01-02 15:55:00,2023-01-02 16:20:00,5.505
2023-01-02,010,V,A72085,2023-01-02 16:06:00,2023-01-02 16:31:00,4.902
2023-01-02,010,V,A72037,2023-01-02 16:28:00,2023-01-02 16:59:00,4.902
2023-01-02,010,I,A72085,2023-01-02 16:34:00,2023-01-02 16:59:00,5.505
2023-01-02,010,I,A72037,2023-01-02 17:02:00,2023-01-02 17:23:00,5.505
2023-01-02,010,V,A72085,2023-01-02 17:12:00,2023-01-02 17:34:00,4.902
2023-01-02,010,V,A72037,2023-01-02 17:27:00,2023-01-02 17:57:00,4.902
2023-01-02,010,I,A72085,2023-01-02 17:40:00,2023-01-02 17:59:00,5.505
2023-01-02,010,I,A72037,2023-01-02 18:02:00,2023-01-02 18:27:00,5.505
2023-01-02,010,V,A72085,2023-01-02 18:05:00,2023-01-02 18:33:00,4.902
2023-01-02,010,V,A72037,2023-01-02 18:31:00,2023-01-02 18:53:00,4.902
2023-01-02,010,I,A72085,2023-01-02 18:36:00,2023-01-02 18:57:00,5.505
2023-01-02,010,I,A72037,2023-01-02 18:56:00,2023-01-02 19:19:00,5.505
2023-01-02,010,V,A72085,2023-01-02 19:08:00,2023-01-02 19:32:00,4.902
2023-01-02,010,V,A72037,2023-01-02 19:24:00,2023-01-02 20:02:00,4.902
2023-01-02,010,I,A72085,2023-01-02 19:35:00,2023-01-02 19:55:00,5.505
2023-01-02,010,I,A72037,2023-01-02 20:03:00,2023-01-02 20:27:00,5.505
2023-01-03,010,I,A72037,2023-01-03 06:03:00,2023-01-03 06:20:00,5.505
2023-01-03,010,V,A72037,2023-01-03 06:31:00,2023-01-03 06:57:00,4.902
2023-01-03,010,I,A72085,2023-01-03 06:32:00,2023-01-03 06:52:00,5.505
2023-01-03,010,V,A72085,2023-01-03 06:58:00,2023-01-03 07:27:00,4.902
2023-01-03,010,I,A72037,2023-01-03 06:59:00,2023-01-03 07:16:00,5.505
2023-01-03,010,V,A72037,2023-01-03 07:29:00,2023-01-03 07:56:00,4.902
2023-01-03,010,I,A72085,2023-01-03 07:33:00,2023-01-03 07:53:00,5.505
2023-01-03,010,V,A72085,2023-01-03 07:59:00,2023-01-03 08:31:00,4.902
2023-01-03,010,I,A72037,2023-01-03 08:02:00,2023-01-03 08:20:00,5.505
2023-01-03,010,V,A72037,2023-01-03 08:30:00,2023-01-03 09:01:00,4.902
2023-01-03,010,I,A72085,2023-01-03 08:35:00,2023-01-03 09:03:00,5.505
2023-01-03,010,I,A72037,2023-01-03 09:05:00,2023-01-03 09:28:00,5.505
2023-01-03,010,V,A72085,2023-01-03 09:06:00,2023-01-03 09:33:00,4.902
2023-01-03,010,V,A72037,2023-01-03 09:30:00,2023-01-03 10:03:00,4.902
2023-01-03,010,I,A72085,2023-01-03 09:36:00,2023-01-03 10:05:00,5.505
2023-01-03,010,V,A72085,2023-01-03 10:07:00,2023-01-03 10:33:00,4.902
2023-01-03,010,I,A72037,2023-01-03 10:08:00,2023-01-03 10:30:00,5.505
2023-01-03,010,V,A72037,2023-01-03 10:32:00,2023-01-03 11:02:00,4.902
2023-01-03,010,I,A72085,2023-01-03 10:40:00,2023-01-03 11:04:00,5.505
2023-01-03,010,V,A72085,2023-01-03 11:07:00,2023-01-03 11:30:00,4.902
2023-01-03,010,I,A72037,2023-01-03 11:07:00,2023-01-03 11:32:00,5.505
2023-01-03,010,V,A72037,2023-01-03 11:34:00,2023-01-03 11:56:00,4.902
2023-01-03,010,I,A72085,2023-01-03 11:36:00,2023-01-03 12:02:00,5.505
2023-01-03,010,I,A72037,2023-01-03 12:01:00,2023-01-03 12:25:00,5.505
2023-01-03,010,V,A72085,2023-01-03 12:04:00,2023-01-03 12:27:00,4.902
2023-01-03,010,I,A72085,2023-01-03 12:29:00,2023-01-03 12:50:00,5.505
2023-01-03,010,V,A72037,2023-01-03 12:32:00,2023-01-03 12:54:00,4.902
2023-01-03,010,V,A72085,2023-01-03 12:51:00,2023-01-03 13:24:00,4.902
2023-01-03,010,I,A72037,2023-01-03 12:57:00,2023-01-03 13:22:00,5.505
2023-01-03,010,I,A72085,2023-01-03 13:27:00,2023-01-03 13:53:00,5.505
2023-01-03,010,V,A72037,2023-01-03 13:31:00,2023-01-03 13:59:00,4.902
2023-01-03,010,V,A72085,2023-01-03 13:54:00,2023-01-03 14:26:00,4.902
2023-01-03,010,I,A72037,2023-01-03 14:00:00,2023-01-03 14:28:00,5.505
2023-01-03,010,I,A72085,2023-01-03 14:29:00,2023-01-03 15:00:00,5.505
2023-01-03,010,V,A72037,2023-01-03 14:33:00,2023-01-03 15:01:00,4.902
2023-01-03,010,I,A72037,2023-01-03 15:05:00,2023-01-03 15:37:00,5.505
2023-01-03,010,V,A72085,2023-01-03 15:07:00,2023-01-03 15:38:00,4.902
2023-01-03,010,V,A72037,2023-01-03 15:38:00,2023-01-03 16:02:00,4.902
2023-01-03,010,I,A72085,2023-01-03 15:40:00,2023-01-03 16:11:00,5.505
2023-01-03,010,I,A72037,2023-01-03 16:03:00,2023-01-03 16:35:00,5.505
2023-01-03,010,V,A72085,2023-01-03 16:13:00,2023-01-03 16:43:00,4.902
2023-01-03,010,V,A72037,2023-01-03 16:36:00,2023-01-03 17:09:00,4.902
2023-01-03,010,I,A72085,2023-01-03 16:44:00,2023-01-03 17:16:00,5.505
2023-01-03,010,V,A72085,2023-01-03 17:18:00,2023-01-03 17:59:00,4.902
2023-01-03,010,I,A72151,2023-01-03 17:50:00,2023-01-03 18:25:00,5.505
2023-01-03,010,I,A72085,2023-01-03 18:02:00,2023-01-03 18:59:00,5.505
2023-01-03,010,V,A72151,2023-01-03 18:27:00,2023-01-03 19:13:00,4.902
2023-01-03,010,V,A72085,2023-01-03 19:01:00,2023-01-03 20:16:00,4.902
2023-01-03,010,I,A72151,2023-01-03 19:19:00,2023-01-03 20:17:00,5.505
2023-01-03,010,V,A72151,2023-01-03 20:18:00,2023-01-03 21:00:00,4.902
2023-01-03,010,I,A72151,2023-01-03 21:03:00,2023-01-03 21:20:00,5.505
2023-01-03,010,V,A72085,2023-01-03 21:18:00,2023-01-03 21:37:00,4.902
2023-01-03,010,I,A72085,2023-01-03 21:20:00,2023-01-03 21:36:00,5.505
2023-01-03,010,I,A72085,2023-01-03 21:38:00,2023-01-03 21:59:00,5.505
2023-01-04,010,I,A72037,2023-01-04 06:00:00,2023-01-04 06:16:00,5.505
2023-01-04,010,V,A72037,2023-01-04 06:28:00,2023-01-04 07:01:00,4.902
2023-01-04,010,I,A72085,2023-01-04 06:30:00,2023-01-04 06:50:00,5.505
2023-01-04,010,V,A72085,2023-01-04 06:59:00,2023-01-04 07:28:00,4.902
2023-01-04,010,I,A72037,2023-01-04 07:03:00,2023-01-04 07:26:00,5.505
2023-01-04,010,V,A72037,2023-01-04 07:29:00,2023-01-04 07:53:00,4.902
2023-01-04,010,I,A72085,2023-01-04 07:30:00,2023-01-04 07:50:00,5.505
2023-01-04,010,V,A72085,2023-01-04 07:59:00,2023-01-04 08:29:00,4.902
2023-01-04,010,I,A72037,2023-01-04 08:01:00,2023-01-04 08:24:00,5.505
2023-01-04,010,I,A72085,2023-01-04 08:32:00,2023-01-04 09:00:00,5.505
2023-01-04,010,V,A72037,2023-01-04 08:33:00,2023-01-04 09:03:00,4.902
2023-01-04,010,V,A72085,2023-01-04 09:03:00,2023-01-04 09:31:00,4.902
2023-01-04,010,I,A72037,2023-01-04 09:07:00,2023-01-04 09:30:00,5.505
2023-01-04,010,V,A72037,2023-01-04 09:32:00,2023-01-04 10:01:00,4.902
2023-01-04,010,I,A72085,2023-01-04 09:34:00,2023-01-04 10:04:00,5.505
2023-01-04,010,I,A72037,2023-01-04 10:05:00,2023-01-04 10:33:00,5.505
2023-01-04,010,V,A72085,2023-01-04 10:07:00,2023-01-04 10:33:00,4.902
2023-01-04,010,V,A72037,2023-01-04 10:34:00,2023-01-04 11:04:00,4.902
2023-01-04,010,I,A72085,2023-01-04 10:35:00,2023-01-04 11:04:00,5.505
2023-01-04,010,V,A72085,2023-01-04 11:06:00,2023-01-04 11:27:00,4.902
2023-01-04,010,I,A72037,2023-01-04 11:08:00,2023-01-04 11:34:00,5.505
2023-01-04,010,I,A72085,2023-01-04 11:30:00,2023-01-04 11:58:00,5.505
2023-01-04,010,V,A72037,2023-01-04 11:37:00,2023-01-04 11:58:00,4.902
2023-01-04,010,I,A72037,2023-01-04 12:02:00,2023-01-04 12:28:00,5.505
2023-01-04,010,V,A72085,2023-01-04 12:03:00,2023-01-04 12:30:00,4.902
2023-01-04,010,I,A72085,2023-01-04 12:32:00,2023-01-04 13:03:00,5.505
2023-01-04,010,V,A72037,2023-01-04 12:32:00,2023-01-04 12:53:00,4.902
2023-01-04,010,I,A72037,2023-01-04 12:55:00,2023-01-04 13:26:00,5.505
2023-01-04,010,V,A72085,2023-01-04 13:05:00,2023-01-04 13:37:00,4.902
2023-01-04,010,V,A72037,2023-01-04 13:31:00,2023-01-04 14:07:00,4.902
2023-01-04,010,I,A72085,2023-01-04 13:39:00,2023-01-04 14:05:00,5.505
2023-01-04,010,V,A72085,2023-01-04 14:06:00,2023-01-04 14:34:00,4.902
2023-01-04,010,I,A72037,2023-01-04 14:09:00,2023-01-04 14:38:00,5.505
2023-01-04,010,I,A72085,2023-01-04 14:35:00,2023-01-04 15:04:00,5.505
2023-01-04,010,V,A72037,2023-01-04 14:41:00,2023-01-04 15:12:00,4.902
2023-01-04,010,V,A72085,2023-01-04 15:06:00,2023-01-04 15:34:00,4.902
2023-01-04,010,I,A72037,2023-01-04 15:14:00,2023-01-04 15:51:00,5.505
2023-01-04,010,I,A72085,2023-01-04 15:36:00,2023-01-04 16:08:00,5.505
2023-01-04,010,V,A72037,2023-01-04 15:52:00,2023-01-04 16:25:00,4.902
2023-01-04,010,V,A72085,2023-01-04 16:10:00,2023-01-04 16:38:00,4.902
2023-01-04,010,I,A72037,2023-01-04 16:27:00,2023-01-04 16:59:00,5.505
2023-01-04,010,I,A72085,2023-01-04 16:40:00,2023-01-04 17:07:00,5.505
2023-01-04,010,V,A72037,2023-01-04 17:01:00,2023-01-04 17:36:00,4.902
2023-01-04,010,V,A72085,2023-01-04 17:16:00,2023-01-04 17:49:00,4.902
2023-01-04,010,I,A72037,2023-01-04 17:39:00,2023-01-04 18:11:00,5.505
2023-01-04,010,I,A72085,2023-01-04 17:51:00,2023-01-04 18:15:00,5.505
2023-01-04,010,V,A72037,2023-01-04 18:13:00,2023-01-04 18:49:00,4.902
2023-01-04,010,V,A72085,2023-01-04 18:22:00,2023-01-04 19:04:00,4.902
2023-01-04,010,I,A72037,2023-01-04 18:49:00,2023-01-04 19:15:00,5.505
2023-01-04,010,I,A72085,2023-01-04 19:06:00,2023-01-04 19:28:00,5.505
2023-01-04,010,V,A72037,2023-01-04 19:18:00,2023-01-04 19:45:00,4.902
2023-01-04,010,V,A72085,2023-01-04 19:38:00,2023-01-04 20:02:00,4.902
2023-01-04,010,I,A72037,2023-01-04 19:47:00,2023-01-04 20:07:00,5.505
2023-01-04,010,I,A72085,2023-01-04 20:09:00,2023-01-04 20:29:00,5.505
2023-01-04,010,V,A72037,2023-01-04 20:14:00,2023-01-04 20:41:00,4.902
2023-01-04,010,V,A72085,2023-01-04 20:32:00,2023-01-04 20:54:00,4.902
2023-01-04,010,I,A72037,2023-01-04 20:42:00,2023-01-04 21:00:00,5.505
2023-01-04,010,I,A72085,2023-01-04 20:56:00,2023-01-04 21:14:00,5.505
2023-01-05,010,I,A72037,2023-01-05 06:03:00,2023-01-05 06:18:00,5.505
2023-01-05,010,I,A72085,2023-01-05 06:30:00,2023-01-05 06:50:00,5.505
2023-01-05,010,V,A72037,2023-01-05 06:31:00,2023-01-05 06:59:00,4.902
2023-01-05,010,V,A72085,2023-01-05 06:59:00,2023-01-05 07:26:00,4.902
2023-01-05,010,I,A72037,2023-01-05 07:05:00,2023-01-05 07:26:00,5.505
2023-01-05,010,I,A72085,2023-01-05 07:28:00,2023-01-05 07:54:00,5.505
2023-01-05,010,V,A72037,2023-01-05 07:28:00,2023-01-05 07:58:00,4.902
2023-01-05,010,V,A72085,2023-01-05 08:00:00,2023-01-05 08:27:00,4.902
2023-01-05,010,I,A72037,2023-01-05 08:02:00,2023-01-05 08:27:00,5.505
2023-01-05,010,V,A72037,2023-01-05 08:29:00,2023-01-05 08:58:00,4.902
2023-01-05,010,I,A72085,2023-01-05 08:31:00,2023-01-05 08:56:00,5.505
2023-01-05,010,V,A72085,2023-01-05 09:00:00,2023-01-05 09:28:00,4.902
2023-01-05,010,I,A72037,2023-01-05 09:02:00,2023-01-05 09:26:00,5.505
2023-01-05,010,V,A72037,2023-01-05 09:28:00,2023-01-05 09:58:00,4.902
2023-01-05,010,I,A72085,2023-01-05 09:29:00,2023-01-05 09:56:00,5.505
2023-01-05,010,V,A72085,2023-01-05 10:01:00,2023-01-05 10:27:00,4.902
2023-01-05,010,I,A72037,2023-01-05 10:03:00,2023-01-05 10:32:00,5.505
2023-01-05,010,I,A72085,2023-01-05 10:28:00,2023-01-05 10:54:00,5.505
2023-01-05,010,V,A72037,2023-01-05 10:36:00,2023-01-05 11:07:00,4.902
2023-01-05,010,V,A72085,2023-01-05 11:01:00,2023-01-05 11:30:00,4.902
2023-01-05,010,I,A72037,2023-01-05 11:12:00,2023-01-05 11:43:00,5.505
2023-01-05,010,I,A72085,2023-01-05 11:31:00,2023-01-05 11:56:00,5.505
2023-01-05,010,V,A72037,2023-01-05 11:44:00,2023-01-05 12:10:00,4.902
2023-01-05,010,V,A72085,2023-01-05 12:01:00,2023-01-05 12:25:00,4.902
2023-01-05,010,I,A72037,2023-01-05 12:12:00,2023-01-05 12:43:00,5.505
2023-01-05,010,I,A72085,2023-01-05 12:27:00,2023-01-05 13:01:00,5.505
2023-01-05,010,V,A72037,2023-01-05 12:45:00,2023-01-05 13:15:00,4.902
2023-01-05,010,V,A72085,2023-01-05 13:11:00,2023-01-05 13:54:00,4.902
2023-01-05,010,I,A72037,2023-01-05 13:18:00,2023-01-05 13:47:00,5.505
2023-01-05,010,V,A72037,2023-01-05 13:50:00,2023-01-05 14:25:00,4.902
2023-01-05,010,I,A72085,2023-01-05 13:54:00,2023-01-05 14:27:00,5.505
2023-01-05,010,V,A72085,2023-01-05 14:29:00,2023-01-05 14:56:00,4.902
2023-01-05,010,I,A72037,2023-01-05 14:30:00,2023-01-05 14:59:00,5.505
2023-01-05,010,I,A72085,2023-01-05 14:59:00,2023-01-05 15:23:00,5.505
2023-01-05,010,V,A72037,2023-01-05 15:00:00,2023-01-05 15:31:00,4.902
2023-01-05,010,V,A72085,2023-01-05 15:24:00,2023-01-05 15:50:00,4.902
2023-01-05,010,I,A72037,2023-01-05 15:34:00,2023-01-05 16:02:00,5.505
2023-01-05,010,I,A72085,2023-01-05 15:51:00,2023-01-05 16:21:00,5.505
2023-01-05,010,V,A72037,2023-01-05 16:04:00,2023-01-05 16:34:00,4.902
2023-01-05,010,V,A72085,2023-01-05 16:22:00,2023-01-05 16:54:00,4.902
2023-01-05,010,I,A72037,2023-01-05 16:37:00,2023-01-05 17:04:00,5.505
2023-01-05,010,I,A72085,2023-01-05 16:56:00,2023-01-05 17:35:00,5.505
2023-01-05,010,V,A72037,2023-01-05 17:06:00,2023-01-05 17:45:00,4.902
2023-01-05,010,V,A72085,2023-01-05 17:37:00,2023-01-05 18:04:00,4.902
2023-01-05,010,I,A72037,2023-01-05 17:46:00,2023-01-05 18:34:00,5.505
2023-01-05,010,I,A72085,2023-01-05 18:06:00,2023-01-05 18:45:00,5.505
2023-01-05,010,V,A72037,2023-01-05 18:35:00,2023-01-05 19:09:00,4.902
2023-01-05,010,V,A72085,2023-01-05 18:47:00,2023-01-05 19:27:00,4.902
2023-01-05,010,I,A72037,2023-01-05 19:11:00,2023-01-05 19:43:00,5.505
2023-01-05,010,I,A72085,2023-01-05 19:29:00,2023-01-05 19:51:00,5.505
2023-01-05,010,V,A72037,2023-01-05 19:45:00,2023-01-05 20:05:00,4.902
2023-01-05,010,V,A72085,2023-01-05 19:57:00,2023-01-05 20:23:00,4.902
2023-01-05,010,I,A72037,2023-01-05 20:06:00,2023-01-05 20:27:00,5.505
2023-01-05,010,I,A72085,2023-01-05 20:25:00,2023-01-05 20:45:00,5.505
2023-01-05,010,V,A72037,2023-01-05 20:30:00,2023-01-05 20:52:00,4.902
2023-01-06,010,I,A72037,2023-01-06 06:05:00,2023-01-06 06:20:00,5.505
2023-01-06,010,V,A72037,2023-01-06 06:31:00,2023-01-06 07:00:00,4.902
2023-01-06,010,I,A72085,2023-01-06 06:36:00,2023-01-06 06:54:00,5.505
2023-01-06,010,V,A72085,2023-01-06 06:59:00,2023-01-06 07:27:00,4.902
2023-01-06,010,I,A72037,2023-01-06 07:08:00,2023-01-06 07:26:00,5.505
2023-01-06,010,V,A72037,2023-01-06 07:29:00,2023-01-06 08:04:00,4.902
2023-01-06,010,I,A72085,2023-01-06 07:32:00,2023-01-06 07:58:00,5.505
2023-01-06,010,V,A72085,2023-01-06 08:01:00,2023-01-06 08:28:00,4.902
2023-01-06,010,I,A72037,2023-01-06 08:10:00,2023-01-06 08:31:00,5.505
2023-01-06,010,V,A72037,2023-01-06 08:33:00,2023-01-06 09:04:00,4.902
2023-01-06,010,I,A72085,2023-01-06 08:36:00,2023-01-06 08:58:00,5.505
2023-01-06,010,V,A72085,2023-01-06 09:01:00,2023-01-06 09:33:00,4.902
2023-01-06,010,I,A72037,2023-01-06 09:08:00,2023-01-06 09:35:00,5.505
2023-01-06,010,I,A72085,2023-01-06 09:34:00,2023-01-06 09:58:00,5.505
2023-01-06,010,V,A72037,2023-01-06 09:37:00,2023-01-06 10:14:00,4.902
2023-01-06,010,V,A72085,2023-01-06 09:59:00,2023-01-06 10:31:00,4.902
2023-01-06,010,I,A72037,2023-01-06 10:18:00,2023-01-06 10:40:00,5.505
2023-01-06,010,I,A72085,2023-01-06 10:34:00,2023-01-06 10:58:00,5.505
2023-01-06,010,V,A72037,2023-01-06 10:42:00,2023-01-06 11:11:00,4.902
2023-01-06,010,V,A72085,2023-01-06 11:00:00,2023-01-06 11:31:00,4.902
2023-01-06,010,I,A72037,2023-01-06 11:16:00,2023-01-06 11:46:00,5.505
2023-01-06,010,I,A72085,2023-01-06 11:35:00,2023-01-06 11:58:00,5.505
2023-01-06,010,V,A72037,2023-01-06 11:48:00,2023-01-06 12:17:00,4.902
2023-01-06,010,V,A72085,2023-01-06 11:59:00,2023-01-06 12:22:00,4.902
2023-01-06,010,I,A72037,2023-01-06 12:19:00,2023-01-06 12:46:00,5.505
2023-01-06,010,I,A72085,2023-01-06 12:25:00,2023-01-06 12:51:00,5.505
2023-01-06,010,V,A72037,2023-01-06 12:47:00,2023-01-06 13:10:00,4.902
2023-01-06,010,V,A72085,2023-01-06 13:02:00,2023-01-06 13:34:00,4.902
2023-01-06,010,I,A72037,2023-01-06 13:13:00,2023-01-06 13:40:00,5.505
2023-01-06,010,I,A72085,2023-01-06 13:36:00,2023-01-06 14:04:00,5.505
2023-01-06,010,V,A72037,2023-01-06 13:42:00,2023-01-06 14:14:00,4.902
2023-01-06,010,V,A72085,2023-01-06 14:07:00,2023-01-06 14:31:00,4.902
2023-01-06,010,I,A72037,2023-01-06 14:16:00,2023-01-06 14:45:00,5.505
2023-01-06,010,I,A72085,2023-01-06 14:33:00,2023-01-06 15:03:00,5.505
2023-01-06,010,V,A72037,2023-01-06 14:46:00,2023-01-06 15:12:00,4.902
2023-01-06,010,V,A72085,2023-01-06 15:05:00,2023-01-06 15:32:00,4.902
2023-01-06,010,I,A72037,2023-01-06 15:14:00,2023-01-06 15:44:00,5.505
2023-01-06,010,I,A72085,2023-01-06 15:35:00,2023-01-06 16:03:00,5.505
2023-01-06,010,V,A72037,2023-01-06 15:47:00,2023-01-06 16:16:00,4.902
2023-01-06,010,V,A72085,2023-01-06 16:07:00,2023-01-06 16:39:00,4.902
2023-01-06,010,I,A72037,2023-01-06 16:18:00,2023-01-06 16:47:00,5.505
2023-01-06,010,I,A72085,2023-01-06 16:41:00,2023-01-06 17:09:00,5.505
2023-01-06,010,V,A72037,2023-01-06 16:49:00,2023-01-06 17:11:00,4.902
2023-01-06,010,V,A72085,2023-01-06 17:11:00,2023-01-06 17:43:00,4.902
2023-01-06,010,I,A72037,2023-01-06 17:13:00,2023-01-06 17:40:00,5.505
2023-01-06,010,I,A72085,2023-01-06 17:45:00,2023-01-06 18:17:00,5.505
2023-01-06,010,V,A72037,2023-01-06 17:46:00,2023-01-06 18:17:00,4.902
2023-01-06,010,I,A72037,2023-01-06 18:18:00,2023-01-06 18:55:00,5.505
2023-01-06,010,V,A72085,2023-01-06 18:19:00,2023-01-06 18:49:00,4.902
2023-01-06,010,V,A72037,2023-01-06 18:57:00,2023-01-06 19:21:00,4.902
2023-01-06,010,V,A72085,2023-01-06 19:16:00,2023-01-06 19:52:00,4.902
2023-01-06,010,I,A72037,2023-01-06 19:23:00,2023-01-06 19:45:00,5.505
2023-01-06,010,V,A72037,2023-01-06 19:46:00,2023-01-06 20:07:00,4.902
2023-01-06,010,I,A72037,2023-01-06 20:10:00,2023-01-06 20:31:00,5.505
2023-01-06,010,V,A72037,2023-01-06 20:38:00,2023-01-06 21:03:00,4.902
2023-01-06,010,I,A72037,2023-01-06 21:04:00,2023-01-06 21:29:00,5.505
2023-01-07,010,I,A72037,2023-01-07 06:06:00,2023-01-07 06:21:00,5.505
2023-01-07,010,V,A72037,2023-01-07 06:34:00,2023-01-07 06:56:00,4.902
2023-01-07,010,I,A72037,2023-01-07 07:05:00,2023-01-07 07:22:00,5.505
2023-01-07,010,I,A72085,2023-01-07 07:30:00,2023-01-07 07:49:00,5.505
2023-01-07,010,V,A72037,2023-01-07 07:33:00,2023-01-07 08:00:00,4.902
2023-01-07,010,V,A72085,2023-01-07 07:59:00,2023-01-07 08:34:00,4.902
2023-01-07,010,I,A72037,2023-01-07 08:03:00,2023-01-07 08:19:00,5.505
2023-01-07,010,V,A72037,2023-01-07 08:27:00,2023-01-07 09:02:00,4.902
2023-01-07,010,I,A72085,2023-01-07 08:41:00,2023-01-07 08:58:00,5.505
2023-01-07,010,V,A72085,2023-01-07 09:00:00,2023-01-07 09:30:00,4.902
2023-01-07,010,I,A72037,2023-01-07 09:05:00,2023-01-07 09:34:00,5.505
2023-01-07,010,I,A72085,2023-01-07 09:39:00,2023-01-07 10:01:00,5.505
2023-01-07,010,V,A72037,2023-01-07 09:40:00,2023-01-07 09:58:00,4.902
2023-01-07,010,V,A72085,2023-01-07 10:08:00,2023-01-07 10:33:00,4.902
2023-01-07,010,I,A72037,2023-01-07 10:09:00,2023-01-07 10:33:00,5.505
2023-01-07,010,V,A72037,2023-01-07 10:34:00,2023-01-07 10:56:00,4.902
2023-01-07,010,I,A72085,2023-01-07 10:42:00,2023-01-07 11:06:00,5.505
2023-01-07,010,I,A72037,2023-01-07 10:58:00,2023-01-07 11:20:00,5.505
2023-01-07,010,V,A72085,2023-01-07 11:11:00,2023-01-07 11:37:00,4.902
2023-01-07,010,V,A72037,2023-01-07 11:32:00,2023-01-07 12:02:00,4.902
2023-01-07,010,I,A72085,2023-01-07 11:41:00,2023-01-07 12:06:00,5.505
2023-01-07,010,I,A72037,2023-01-07 12:05:00,2023-01-07 12:36:00,5.505
2023-01-07,010,V,A72085,2023-01-07 12:07:00,2023-01-07 12:32:00,4.902
2023-01-07,010,I,A72085,2023-01-07 12:33:00,2023-01-07 13:07:00,5.505
2023-01-07,010,V,A72037,2023-01-07 12:38:00,2023-01-07 13:17:00,4.902
2023-01-07,010,V,A72085,2023-01-07 13:09:00,2023-01-07 13:30:00,4.902
2023-01-07,010,I,A72037,2023-01-07 13:20:00,2023-01-07 13:49:00,5.505
2023-01-07,010,I,A72085,2023-01-07 13:31:00,2023-01-07 13:55:00,5.505
2023-01-07,010,V,A72037,2023-01-07 13:52:00,2023-01-07 14:17:00,4.902
2023-01-07,010,V,A72085,2023-01-07 14:05:00,2023-01-07 14:37:00,4.902
2023-01-07,010,I,A72037,2023-01-07 14:18:00,2023-01-07 14:48:00,5.505
2023-01-07,010,I,A72085,2023-01-07 14:39:00,2023-01-07 15:04:00,5.505
2023-01-07,010,V,A72037,2023-01-07 14:50:00,2023-01-07 15:15:00,4.902
2023-01-07,010,V,A72085,2023-01-07 15:05:00,2023-01-07 15:32:00,4.902
2023-01-07,010,I,A72037,2023-01-07 15:17:00,2023-01-07 15:47:00,5.505
2023-01-07,010,I,A72085,2023-01-07 15:40:00,2023-01-07 16:04:00,5.505
2023-01-07,010,V,A72037,2023-01-07 15:50:00,2023-01-07 16:15:00,4.902
2023-01-07,010,V,A72085,2023-01-07 16:07:00,2023-01-07 16:42:00,4.902
2023-01-07,010,I,A72037,2023-01-07 16:17:00,2023-01-07 16:42:00,5.505
2023-01-07,010,V,A72037,2023-01-07 16:43:00,2023-01-07 17:10:00,4.902
2023-01-07,010,I,A72085,2023-01-07 16:48:00,2023-01-07 17:10:00,5.505
2023-01-07,010,V,A72085,2023-01-07 17:13:00,2023-01-07 17:40:00,4.902
2023-01-07,010,I,A72037,2023-01-07 17:14:00,2023-01-07 17:39:00,5.505
2023-01-07,010,V,A72037,2023-01-07 17:42:00,2023-01-07 18:12:00,4.902
2023-01-07,010,I,A72085,2023-01-07 17:45:00,2023-01-07 18:07:00,5.505
2023-01-07,010,V,A72085,2023-01-07 18:10:00,2023-01-07 18:37:00,4.902
2023-01-07,010,I,A72037,2023-01-07 18:16:00,2023-01-07 18:39:00,5.505
2023-01-07,010,V,A72037,2023-01-07 18:41:00,2023-01-07 19:07:00,4.902
2023-01-07,010,I,A72085,2023-01-07 18:43:00,2023-01-07 19:08:00,5.505
2023-01-07,010,V,A72085,2023-01-07 19:09:00,2023-01-07 19:40:00,4.902
2023-01-07,010,I,A72037,2023-01-07 19:11:00,2023-01-07 19:33:00,5.505
2023-01-07,010,I,A72085,2023-01-07 19:44:00,2023-01-07 20:07:00,5.505
2023-01-07,010,V,A72085,2023-01-07 20:08:00,2023-01-07 20:37:00,4.902
2023-01-07,010,I,A72085,2023-01-07 20:40:00,2023-01-07 21:03:00,5.505
2023-01-08,010,I,A72037,2023-01-08 06:04:00,2023-01-08 06:18:00,5.505
2023-01-08,010,V,A72037,2023-01-08 06:32:00,2023-01-08 06:55:00,4.902
2023-01-08,010,I,A72037,2023-01-08 06:57:00,2023-01-08 07:17:00,5.505
2023-01-08,010,V,A72037,2023-01-08 07:28:00,2023-01-08 07:57:00,4.902
2023-01-08,010,I,A72037,2023-01-08 07:59:00,2023-01-08 08:16:00,5.505
2023-01-08,010,V,A72037,2023-01-08 08:26:00,2023-01-08 08:57:00,4.902
2023-01-08,010,I,A72037,2023-01-08 09:00:00,2023-01-08 09:18:00,5.505
2023-01-08,010,V,A72037,2023-01-08 09:33:00,2023-01-08 09:57:00,4.902
2023-01-08,010,I,A72037,2023-01-08 09:57:00,2023-01-08 10:15:00,5.505
2023-01-08,010,V,A72037,2023-01-08 10:33:00,2023-01-08 10:57:00,4.902
2023-01-08,010,I,A72037,2023-01-08 10:57:00,2023-01-08 11:22:00,5.505
2023-01-08,010,V,A72037,2023-01-08 11:32:00,2023-01-08 11:56:00,4.902
2023-01-08,010,I,A72037,2023-01-08 11:57:00,2023-01-08 12:15:00,5.505
2023-01-08,010,V,A72037,2023-01-08 12:34:00,2023-01-08 12:55:00,4.902
2023-01-08,010,I,A72037,2023-01-08 12:56:00,2023-01-08 13:15:00,5.505
2023-01-08,010,V,A72037,2023-01-08 13:35:00,2023-01-08 14:03:00,4.902
2023-01-08,010,I,A72037,2023-01-08 14:08:00,2023-01-08 14:27:00,5.505
2023-01-08,010,V,A72037,2023-01-08 14:36:00,2023-01-08 15:21:00,4.902
2023-01-08,010,I,A72037,2023-01-08 15:22:00,2023-01-08 15:41:00,5.505
2023-01-08,010,V,A72037,2023-01-08 15:42:00,2023-01-08 16:09:00,4.902
2023-01-08,010,I,A72037,2023-01-08 16:09:00,2023-01-08 16:27:00,5.505
2023-01-08,010,V,A72037,2023-01-08 16:33:00,2023-01-08 17:03:00,4.902
2023-01-08,010,I,A72037,2023-01-08 17:08:00,2023-01-08 17:25:00,5.505
2023-01-08,010,V,A72037,2023-01-08 17:37:00,2023-01-08 18:16:00,4.902
2023-01-08,010,I,A72037,2023-01-08 18:17:00,2023-01-08 18:36:00,5.505
2023-01-08,010,V,A72037,2023-01-08 18:37:00,2023-01-08 19:01:00,4.902
2023-01-08,010,I,A72037,2023-01-08 19:02:00,2023-01-08 19:22:00,5.505
2023-01-08,010,V,A72037,2023-01-08 19:32:00,2023-01-08 20:03:00,4.902
2023-01-08,010,I,A72037,2023-01-08 20:08:00,2023-01-08 20:27:00,5.505
2023-01-08,010,V,A72037,2023-01-08 20:34:00,2023-01-08 21:06:00,4.902
2023-01-08,010,I,A72037,2023-01-08 21:07:00,2023-01-08 21:27:00,5.505
2023-01-09,010,I,A72037,2023-01-09 06:03:00,2023-01-09 06:26:00,5.505
2023-01-09,010,V,A72037,2023-01-09 06:30:00,2023-01-09 07:05:00,4.902
2023-01-09,010,I,A72085,2023-01-09 06:35:00,2023-01-09 06:54:00,5.505
2023-01-09,010,V,A72085,2023-01-09 06:57:00,2023-01-09 07:28:00,4.902
2023-01-09,010,I,A72037,2023-01-09 07:09:00,2023-01-09 07:30:00,5.505
2023-01-09,010,I,A72085,2023-01-09 07:29:00,2023-01-09 07:54:00,5.505
2023-01-09,010,V,A72037,2023-01-09 07:35:00,2023-01-09 08:07:00,4.902
2023-01-09,010,V,A72085,2023-01-09 07:59:00,2023-01-09 08:32:00,4.902
2023-01-09,010,I,A72037,2023-01-09 08:13:00,2023-01-09 08:36:00,5.505
2023-01-09,010,I,A72085,2023-01-09 08:36:00,2023-01-09 09:06:00,5.505
2023-01-09,010,V,A72037,2023-01-09 08:39:00,2023-01-09 09:09:00,4.902
2023-01-09,010,V,A72085,2023-01-09 09:08:00,2023-01-09 09:33:00,4.902
2023-01-09,010,I,A72037,2023-01-09 09:12:00,2023-01-09 09:40:00,5.505
2023-01-09,010,I,A72085,2023-01-09 09:37:00,2023-01-09 10:06:00,5.505
2023-01-09,010,V,A72037,2023-01-09 09:41:00,2023-01-09 10:13:00,4.902
2023-01-09,010,V,A72085,2023-01-09 10:10:00,2023-01-09 10:38:00,4.902
2023-01-09,010,I,A72037,2023-01-09 10:18:00,2023-01-09 10:46:00,5.505
2023-01-09,010,I,A72085,2023-01-09 10:40:00,2023-01-09 11:08:00,5.505
2023-01-09,010,V,A72037,2023-01-09 10:47:00,2023-01-09 11:12:00,4.902
2023-01-09,010,V,A72085,2023-01-09 11:09:00,2023-01-09 11:36:00,4.902
2023-01-09,010,I,A72037,2023-01-09 11:13:00,2023-01-09 11:42:00,5.505
2023-01-09,010,I,A72085,2023-01-09 11:39:00,2023-01-09 12:02:00,5.505
2023-01-09,010,V,A72037,2023-01-09 11:43:00,2023-01-09 12:07:00,4.902
2023-01-09,010,V,A72085,2023-01-09 12:04:00,2023-01-09 12:24:00,4.902
2023-01-09,010,I,A72037,2023-01-09 12:09:00,2023-01-09 12:40:00,5.505
2023-01-09,010,I,A72085,2023-01-09 12:27:00,2023-01-09 12:52:00,5.505
2023-01-09,010,V,A72037,2023-01-09 12:42:00,2023-01-09 13:04:00,4.902
2023-01-09,010,V,A72085,2023-01-09 12:55:00,2023-01-09 13:29:00,4.902
2023-01-09,010,I,A72037,2023-01-09 13:06:00,2023-01-09 13:33:00,5.505
2023-01-09,010,I,A72085,2023-01-09 13:31:00,2023-01-09 14:03:00,5.505
2023-01-09,010,V,A72037,2023-01-09 13:35:00,2023-01-09 14:08:00,4.902
2023-01-09,010,V,A72085,2023-01-09 14:07:00,2023-01-09 14:36:00,4.902
2023-01-09,010,I,A72037,2023-01-09 14:10:00,2023-01-09 14:43:00,5.505
2023-01-09,010,I,A72085,2023-01-09 14:36:00,2023-01-09 15:07:00,5.505
2023-01-09,010,V,A72037,2023-01-09 14:46:00,2023-01-09 15:19:00,4.902
2023-01-09,010,V,A72085,2023-01-09 15:08:00,2023-01-09 15:35:00,4.902
2023-01-09,010,I,A72037,2023-01-09 15:21:00,2023-01-09 15:51:00,5.505
2023-01-09,010,I,A72085,2023-01-09 15:38:00,2023-01-09 16:03:00,5.505
2023-01-09,010,V,A72037,2023-01-09 15:52:00,2023-01-09 16:19:00,4.902
2023-01-09,010,V,A72085,2023-01-09 16:07:00,2023-01-09 16:40:00,4.902
2023-01-09,010,I,A72037,2023-01-09 16:22:00,2023-01-09 16:59:00,5.505
2023-01-09,010,I,A72085,2023-01-09 16:43:00,2023-01-09 17:15:00,5.505
2023-01-09,010,V,A72037,2023-01-09 17:01:00,2023-01-09 17:32:00,4.902
2023-01-09,010,V,A72085,2023-01-09 17:17:00,2023-01-09 17:49:00,4.902
2023-01-09,010,I,A72037,2023-01-09 17:34:00,2023-01-09 18:09:00,5.505
2023-01-09,010,I,A72085,2023-01-09 17:52:00,2023-01-09 18:20:00,5.505
2023-01-09,010,V,A72037,2023-01-09 18:12:00,2023-01-09 18:47:00,4.902
2023-01-09,010,V,A72085,2023-01-09 18:22:00,2023-01-09 19:01:00,4.902
2023-01-09,010,I,A72037,2023-01-09 18:51:00,2023-01-09 19:23:00,5.505
2023-01-09,010,I,A72085,2023-01-09 19:03:00,2023-01-09 19:27:00,5.505
2023-01-09,010,V,A72037,2023-01-09 19:25:00,2023-01-09 19:49:00,4.902
2023-01-09,010,V,A72085,2023-01-09 19:42:00,2023-01-09 20:07:00,4.902
2023-01-09,010,I,A72037,2023-01-09 19:50:00,2023-01-09 20:10:00,5.505
2023-01-09,010,I,A72085,2023-01-09 20:09:00,2023-01-09 20:28:00,5.505
2023-01-09,010,V,A72037,2023-01-09 20:13:00,2023-01-09 20:30:00,4.902
2023-01-09,010,V,A72085,2023-01-09 20:30:00,2023-01-09 20:54:00,4.902
2023-01-09,010,I,A72037,2023-01-09 20:32:00,2023-01-09 20:50:00,5.505
2023-01-09,010,I,A72085,2023-01-09 20:55:00,2023-01-09 21:14:00,5.505
2023-01-10,010,I,A72037,2023-01-10 06:03:00,2023-01-10 06:18:00,5.505
2023-01-10,010,I,A72085,2023-01-10 06:29:00,2023-01-10 06:48:00,5.505
2023-01-10,010,V,A72037,2023-01-10 06:30:00,2023-01-10 07:00:00,4.902
2023-01-10,010,V,A72085,2023-01-10 06:58:00,2023-01-10 07:28:00,4.902
2023-01-10,010,I,A72037,2023-01-10 07:03:00,2023-01-10 07:24:00,5.505
2023-01-10,010,V,A72037,2023-01-10 07:29:00,2023-01-10 08:02:00,4.902
2023-01-10,010,I,A72085,2023-01-10 07:30:00,2023-01-10 07:54:00,5.505
2023-01-10,010,V,A72085,2023-01-10 07:59:00,2023-01-10 08:29:00,4.902
2023-01-10,010,I,A72037,2023-01-10 08:06:00,2023-01-10 08:30:00,5.505
2023-01-10,010,V,A72037,2023-01-10 08:32:00,2023-01-10 09:00:00,4.902
2023-01-10,010,I,A72085,2023-01-10 08:33:00,2023-01-10 09:07:00,5.505
2023-01-10,010,I,A72037,2023-01-10 09:03:00,2023-01-10 09:56:00,5.505
2023-01-10,010,V,A72085,2023-01-10 09:09:00,2023-01-10 09:30:00,4.902
2023-01-10,010,I,A72085,2023-01-10 09:32:00,2023-01-10 10:10:00,5.505
2023-01-10,010,V,A72037,2023-01-10 09:57:00,2023-01-10 10:35:00,4.902
2023-01-10,010,V,A72085,2023-01-10 10:11:00,2023-01-10 10:37:00,4.902
2023-01-10,010,I,A72037,2023-01-10 10:41:00,2023-01-10 11:26:00,5.505
2023-01-10,010,I,A72085,2023-01-10 10:42:00,2023-01-10 11:29:00,5.505
2023-01-10,010,V,A72037,2023-01-10 11:27:00,2023-01-10 12:03:00,4.902
2023-01-10,010,V,A72085,2023-01-10 11:45:00,2023-01-10 12:07:00,4.902
2023-01-10,010,I,A72037,2023-01-10 12:09:00,2023-01-10 12:38:00,5.505
2023-01-10,010,I,A72085,2023-01-10 12:18:00,2023-01-10 12:46:00,5.505
2023-01-10,010,V,A72037,2023-01-10 12:40:00,2023-01-10 13:21:00,4.902
2023-01-10,010,V,A72085,2023-01-10 13:03:00,2023-01-10 13:49:00,4.902
2023-01-10,010,I,A72037,2023-01-10 13:25:00,2023-01-10 13:55:00,5.505
2023-01-10,010,I,A72085,2023-01-10 13:53:00,2023-01-10 14:25:00,5.505
2023-01-10,010,V,A72037,2023-01-10 13:58:00,2023-01-10 14:24:00,4.902
2023-01-10,010,V,A72085,2023-01-10 14:27:00,2023-01-10 14:52:00,4.902
2023-01-10,010,I,A72037,2023-01-10 14:30:00,2023-01-10 14:56:00,5.505
2023-01-10,010,I,A72085,2023-01-10 14:56:00,2023-01-10 15:29:00,5.505
2023-01-10,010,V,A72037,2023-01-10 14:58:00,2023-01-10 15:29:00,4.902
2023-01-10,010,I,A72037,2023-01-10 15:30:00,2023-01-10 15:57:00,5.505
2023-01-10,010,V,A72085,2023-01-10 15:31:00,2023-01-10 15:56:00,4.902
2023-01-10,010,I,A72085,2023-01-10 15:59:00,2023-01-10 16:26:00,5.505
2023-01-10,010,V,A72037,2023-01-10 16:01:00,2023-01-10 16:27:00,4.902
2023-01-10,010,V,A72085,2023-01-10 16:27:00,2023-01-10 16:52:00,4.902
2023-01-10,010,I,A72037,2023-01-10 16:28:00,2023-01-10 17:00:00,5.505
2023-01-10,010,I,A72085,2023-01-10 16:54:00,2023-01-10 17:31:00,5.505
2023-01-10,010,V,A72037,2023-01-10 17:02:00,2023-01-10 17:39:00,4.902
2023-01-10,010,V,A72085,2023-01-10 17:31:00,2023-01-10 18:04:00,4.902
2023-01-10,010,I,A72037,2023-01-10 17:41:00,2023-01-10 18:21:00,5.505
2023-01-10,010,I,A72085,2023-01-10 18:08:00,2023-01-10 18:43:00,5.505
2023-01-10,010,V,A72037,2023-01-10 18:22:00,2023-01-10 18:50:00,4.902
2023-01-10,010,V,A72085,2023-01-10 18:45:00,2023-01-10 19:09:00,4.902
2023-01-10,010,I,A72037,2023-01-10 18:50:00,2023-01-10 19:21:00,5.505
2023-01-10,010,I,A72085,2023-01-10 19:10:00,2023-01-10 19:35:00,5.505
2023-01-10,010,V,A72037,2023-01-10 19:24:00,2023-01-10 19:47:00,4.902
2023-01-10,010,V,A72085,2023-01-10 19:36:00,2023-01-10 19:56:00,4.902
2023-01-10,010,I,A72037,2023-01-10 19:49:00,2023-01-10 20:11:00,5.505
2023-01-10,010,I,A72085,2023-01-10 19:57:00,2023-01-10 20:20:00,5.505
2023-01-10,010,V,A72037,2023-01-10 20:12:00,2023-01-10 20:33:00,4.902
2023-01-10,010,I,A72037,2023-01-10 20:34:00,2023-01-10 20:55:00,5.505
2023-01-11,010,I,A72085,2023-01-11 06:04:00,2023-01-11 06:22:00,5.505
2023-01-11,010,V,A72085,2023-01-11 06:30:00,2023-01-11 06:57:00,4.902
2023-01-11,010,I,A72048,2023-01-11 06:45:00,2023-01-11 07:04:00,5.505
2023-01-11,010,I,A72085,2023-01-11 07:00:00,2023-01-11 07:18:00,5.505
2023-01-11,010,V,A72048,2023-01-11 07:06:00,2023-01-11 07:32:00,4.902
2023-01-11,010,V,A72085,2023-01-11 07:28:00,2023-01-11 08:01:00,4.902
2023-01-11,010,I,A72048,2023-01-11 07:34:00,2023-01-11 08:02:00,5.505
2023-01-11,010,I,A72085,2023-01-11 08:04:00,2023-01-11 08:28:00,5.505
2023-01-11,010,V,A72048,2023-01-11 08:05:00,2023-01-11 08:35:00,4.902
2023-01-11,010,V,A72085,2023-01-11 08:30:00,2023-01-11 08:58:00,4.902
2023-01-11,010,I,A72048,2023-01-11 08:36:00,2023-01-11 09:06:00,5.505
2023-01-11,010,I,A72085,2023-01-11 09:00:00,2023-01-11 09:26:00,5.505
2023-01-11,010,V,A72048,2023-01-11 09:09:00,2023-01-11 09:37:00,4.902
2023-01-11,010,V,A72085,2023-01-11 09:28:00,2023-01-11 09:56:00,4.902
2023-01-11,010,I,A72048,2023-01-11 09:40:00,2023-01-11 10:08:00,5.505
2023-01-11,010,I,A72085,2023-01-11 09:59:00,2023-01-11 10:30:00,5.505
2023-01-11,010,V,A72048,2023-01-11 10:10:00,2023-01-11 10:44:00,4.902
2023-01-11,010,V,A72085,2023-01-11 10:31:00,2023-01-11 11:01:00,4.902
2023-01-11,010,I,A72048,2023-01-11 10:47:00,2023-01-11 11:12:00,5.505
2023-01-11,010,I,A72085,2023-01-11 11:06:00,2023-01-11 11:34:00,5.505
2023-01-11,010,V,A72048,2023-01-11 11:14:00,2023-01-11 11:41:00,4.902
2023-01-11,010,V,A72085,2023-01-11 11:35:00,2023-01-11 11:58:00,4.902
2023-01-11,010,I,A72048,2023-01-11 11:43:00,2023-01-11 12:14:00,5.505
2023-01-11,010,I,A72085,2023-01-11 12:02:00,2023-01-11 12:32:00,5.505
2023-01-11,010,V,A72048,2023-01-11 12:16:00,2023-01-11 12:44:00,4.902
2023-01-11,010,V,A72085,2023-01-11 12:33:00,2023-01-11 13:01:00,4.902
2023-01-11,010,I,A72048,2023-01-11 12:46:00,2023-01-11 13:19:00,5.505
2023-01-11,010,I,A72085,2023-01-11 13:02:00,2023-01-11 13:29:00,5.505
2023-01-11,010,V,A72048,2023-01-11 13:20:00,2023-01-11 13:49:00,4.902
2023-01-11,010,V,A72085,2023-01-11 13:36:00,2023-01-11 14:09:00,4.902
2023-01-11,010,I,A72048,2023-01-11 13:51:00,2023-01-11 14:19:00,5.505
2023-01-11,010,I,A72085,2023-01-11 14:12:00,2023-01-11 14:39:00,5.505
2023-01-11,010,V,A72048,2023-01-11 14:21:00,2023-01-11 14:50:00,4.902
2023-01-11,010,V,A72085,2023-01-11 14:40:00,2023-01-11 15:04:00,4.902
2023-01-11,010,I,A72048,2023-01-11 14:57:00,2023-01-11 15:29:00,5.505
2023-01-11,010,I,A72085,2023-01-11 15:07:00,2023-01-11 15:34:00,5.505
2023-01-11,010,V,A72048,2023-01-11 15:31:00,2023-01-11 15:59:00,4.902
2023-01-11,010,V,A72085,2023-01-11 15:36:00,2023-01-11 16:14:00,4.902
2023-01-11,010,I,A72048,2023-01-11 16:00:00,2023-01-11 16:33:00,5.505
2023-01-11,010,I,A72085,2023-01-11 16:16:00,2023-01-11 16:49:00,5.505
2023-01-11,010,V,A72048,2023-01-11 16:34:00,2023-01-11 17:09:00,4.902
2023-01-11,010,V,A72085,2023-01-11 16:51:00,2023-01-11 17:24:00,4.902
2023-01-11,010,I,A72048,2023-01-11 17:13:00,2023-01-11 17:49:00,5.505
2023-01-11,010,I,A72085,2023-01-11 17:25:00,2023-01-11 17:57:00,5.505
2023-01-11,010,V,A72048,2023-01-11 17:51:00,2023-01-11 18:21:00,4.902
2023-01-11,010,V,A72085,2023-01-11 17:58:00,2023-01-11 18:31:00,4.902
2023-01-11,010,I,A72048,2023-01-11 18:25:00,2023-01-11 18:57:00,5.505
2023-01-11,010,I,A72085,2023-01-11 18:33:00,2023-01-11 18:57:00,5.505
2023-01-11,010,V,A72085,2023-01-11 18:58:00,2023-01-11 19:21:00,4.902
2023-01-11,010,V,A72048,2023-01-11 18:59:00,2023-01-11 19:30:00,4.902
2023-01-11,010,I,A72085,2023-01-11 19:27:00,2023-01-11 19:53:00,5.505
2023-01-11,010,I,A72048,2023-01-11 19:30:00,2023-01-11 19:51:00,5.505
2023-01-11,010,V,A72048,2023-01-11 19:52:00,2023-01-11 20:16:00,4.902
2023-01-11,010,V,A72085,2023-01-11 20:03:00,2023-01-11 20:24:00,4.902
2023-01-11,010,I,A72048,2023-01-11 20:17:00,2023-01-11 20:37:00,5.505
2023-01-11,010,I,A72085,2023-01-11 20:26:00,2023-01-11 20:45:00,5.505
2023-01-11,010,V,A72048,2023-01-11 20:38:00,2023-01-11 21:03:00,4.902
2023-01-11,010,I,A72048,2023-01-11 21:05:00,2023-01-11 21:22:00,5.505
2023-01-12,010,I,A72048,2023-01-12 06:04:00,2023-01-12 06:20:00,5.505
2023-01-12,010,V,A72048,2023-01-12 06:30:00,2023-01-12 07:02:00,4.902
2023-01-12,010,I,A72085,2023-01-12 06:34:00,2023-01-12 06:56:00,5.505
2023-01-12,010,I,A72048,2023-01-12 07:03:00,2023-01-12 07:25:00,5.505
2023-01-12,010,V,A72085,2023-01-12 07:05:00,2023-01-12 07:35:00,4.902
2023-01-12,010,V,A72048,2023-01-12 07:27:00,2023-01-12 07:55:00,4.902
2023-01-12,010,I,A72085,2023-01-12 07:40:00,2023-01-12 08:05:00,5.505
2023-01-12,010,I,A72048,2023-01-12 07:59:00,2023-01-12 08:24:00,5.505
2023-01-12,010,V,A72085,2023-01-12 08:07:00,2023-01-12 08:41:00,4.902
2023-01-12,010,V,A72048,2023-01-12 08:28:00,2023-01-12 09:04:00,4.902
2023-01-12,010,I,A72085,2023-01-12 08:43:00,2023-01-12 09:08:00,5.505
2023-01-12,010,I,A72048,2023-01-12 09:06:00,2023-01-12 09:36:00,5.505
2023-01-12,010,V,A72085,2023-01-12 09:11:00,2023-01-12 09:43:00,4.902
2023-01-12,010,V,A72048,2023-01-12 09:38:00,2023-01-12 10:05:00,4.902
2023-01-12,010,I,A72085,2023-01-12 09:48:00,2023-01-12 10:15:00,5.505
2023-01-12,010,I,A72048,2023-01-12 10:08:00,2023-01-12 10:38:00,5.505
2023-01-12,010,V,A72085,2023-01-12 10:17:00,2023-01-12 10:41:00,4.902
2023-01-12,010,V,A72048,2023-01-12 10:40:00,2023-01-12 11:12:00,4.902
2023-01-12,010,I,A72085,2023-01-12 10:42:00,2023-01-12 11:10:00,5.505
2023-01-12,010,V,A72085,2023-01-12 11:11:00,2023-01-12 11:39:00,4.902
2023-01-12,010,I,A72048,2023-01-12 11:14:00,2023-01-12 11:39:00,5.505
2023-01-12,010,V,A72048,2023-01-12 11:40:00,2023-01-12 12:10:00,4.902
2023-01-12,010,I,A72085,2023-01-12 11:42:00,2023-01-12 12:10:00,5.505
2023-01-12,010,V,A72085,2023-01-12 12:11:00,2023-01-12 12:40:00,4.902
2023-01-12,010,I,A72048,2023-01-12 12:14:00,2023-01-12 12:40:00,5.505
2023-01-12,010,I,A72085,2023-01-12 12:43:00,2023-01-12 13:10:00,5.505
2023-01-12,010,V,A72048,2023-01-12 12:43:00,2023-01-12 13:03:00,4.902
2023-01-12,010,I,A72048,2023-01-12 13:05:00,2023-01-12 13:31:00,5.505
2023-01-12,010,V,A72085,2023-01-12 13:12:00,2023-01-12 13:42:00,4.902
2023-01-12,010,V,A72048,2023-01-12 13:32:00,2023-01-12 13:59:00,4.902
2023-01-12,010,I,A72085,2023-01-12 13:44:00,2023-01-12 14:12:00,5.505
2023-01-12,010,I,A72048,2023-01-12 14:01:00,2023-01-12 14:30:00,5.505
2023-01-12,010,V,A72085,2023-01-12 14:16:00,2023-01-12 14:48:00,4.902
2023-01-12,010,V,A72048,2023-01-12 14:32:00,2023-01-12 15:02:00,4.902
2023-01-12,010,I,A72085,2023-01-12 14:51:00,2023-01-12 15:23:00,5.505
2023-01-12,010,I,A72048,2023-01-12 15:03:00,2023-01-12 15:33:00,5.505
2023-01-12,010,V,A72085,2023-01-12 15:26:00,2023-01-12 15:57:00,4.902
2023-01-12,010,V,A72048,2023-01-12 15:34:00,2023-01-12 16:16:00,4.902
2023-01-12,010,I,A72085,2023-01-12 16:03:00,2023-01-12 16:35:00,5.505
2023-01-12,010,I,A72048,2023-01-12 16:18:00,2023-01-12 16:45:00,5.505
2023-01-12,010,V,A72085,2023-01-12 16:38:00,2023-01-12 17:08:00,4.902
2023-01-12,010,V,A72048,2023-01-12 16:54:00,2023-01-12 17:22:00,4.902
2023-01-12,010,I,A72085,2023-01-12 17:11:00,2023-01-12 17:46:00,5.505
2023-01-12,010,I,A72048,2023-01-12 17:22:00,2023-01-12 17:51:00,5.505
2023-01-12,010,V,A72085,2023-01-12 17:48:00,2023-01-12 18:17:00,4.902
2023-01-12,010,V,A72048,2023-01-12 17:52:00,2023-01-12 18:36:00,4.902
2023-01-12,010,I,A72085,2023-01-12 18:21:00,2023-01-12 18:58:00,5.505
2023-01-12,010,I,A72048,2023-01-12 18:38:00,2023-01-12 19:07:00,5.505
2023-01-12,010,V,A72085,2023-01-12 18:59:00,2023-01-12 19:23:00,4.902
2023-01-12,010,V,A72048,2023-01-12 19:12:00,2023-01-12 19:41:00,4.902
2023-01-12,010,I,A72085,2023-01-12 19:24:00,2023-01-12 19:55:00,5.505
2023-01-12,010,I,A72048,2023-01-12 19:44:00,2023-01-12 20:04:00,5.505
2023-01-12,010,V,A72085,2023-01-12 19:57:00,2023-01-12 20:26:00,4.902
2023-01-12,010,V,A72048,2023-01-12 20:12:00,2023-01-12 20:37:00,4.902
2023-01-12,010,I,A72085,2023-01-12 20:31:00,2023-01-12 20:49:00,5.505
2023-01-12,010,I,A72048,2023-01-12 20:38:00,2023-01-12 20:57:00,5.505
2023-01-12,010,V,A72085,2023-01-12 20:52:00,2023-01-12 21:18:00,4.902
2023-01-13,010,I,A72048,2023-01-13 06:01:00,2023-01-13 06:18:00,5.505
2023-01-13,010,I,A72085,2023-01-13 06:30:00,2023-01-13 06:52:00,5.505
2023-01-13,010,V,A72048,2023-01-13 06:31:00,2023-01-13 07:00:00,4.902
2023-01-13,010,V,A72085,2023-01-13 06:54:00,2023-01-13 07:29:00,4.902
2023-01-13,010,I,A72048,2023-01-13 07:03:00,2023-01-13 07:22:00,5.505
2023-01-13,010,V,A72048,2023-01-13 07:30:00,2023-01-13 08:02:00,4.902
2023-01-13,010,I,A72085,2023-01-13 07:33:00,2023-01-13 07:54:00,5.505
2023-01-13,010,V,A72085,2023-01-13 07:57:00,2023-01-13 08:28:00,4.902
2023-01-13,010,I,A72048,2023-01-13 08:09:00,2023-01-13 08:32:00,5.505
2023-01-13,010,I,A72085,2023-01-13 08:31:00,2023-01-13 08:56:00,5.505
2023-01-13,010,V,A72048,2023-01-13 08:34:00,2023-01-13 08:59:00,4.902
2023-01-13,010,V,A72085,2023-01-13 08:58:00,2023-01-13 09:29:00,4.902
2023-01-13,010,I,A72048,2023-01-13 09:05:00,2023-01-13 09:30:00,5.505
2023-01-13,010,V,A72048,2023-01-13 09:33:00,2023-01-13 10:04:00,4.902
2023-01-13,010,I,A72085,2023-01-13 09:35:00,2023-01-13 10:04:00,5.505
2023-01-13,010,V,A72085,2023-01-13 10:06:00,2023-01-13 10:29:00,4.902
2023-01-13,010,I,A72048,2023-01-13 10:07:00,2023-01-13 10:29:00,5.505
2023-01-13,010,I,A72085,2023-01-13 10:30:00,2023-01-13 10:52:00,5.505
2023-01-13,010,V,A72048,2023-01-13 10:37:00,2023-01-13 11:06:00,4.902
2023-01-13,010,V,A72085,2023-01-13 10:58:00,2023-01-13 11:26:00,4.902
2023-01-13,010,I,A72048,2023-01-13 11:09:00,2023-01-13 11:37:00,5.505
2023-01-13,010,I,A72085,2023-01-13 11:29:00,2023-01-13 11:58:00,5.505
2023-01-13,010,V,A72048,2023-01-13 11:40:00,2023-01-13 12:09:00,4.902
2023-01-13,010,V,A72085,2023-01-13 11:59:00,2023-01-13 12:20:00,4.902
2023-01-13,010,I,A72048,2023-01-13 12:12:00,2023-01-13 12:43:00,5.505
2023-01-13,010,I,A72085,2023-01-13 12:30:00,2023-01-13 12:50:00,5.505
2023-01-13,010,V,A72048,2023-01-13 12:44:00,2023-01-13 13:08:00,4.902
2023-01-13,010,V,A72085,2023-01-13 13:01:00,2023-01-13 13:34:00,4.902
2023-01-13,010,I,A72048,2023-01-13 13:10:00,2023-01-13 13:39:00,5.505
2023-01-13,010,I,A72085,2023-01-13 13:35:00,2023-01-13 14:01:00,5.505
2023-01-13,010,V,A72048,2023-01-13 13:40:00,2023-01-13 14:12:00,4.902
2023-01-13,010,V,A72085,2023-01-13 14:04:00,2023-01-13 14:36:00,4.902
2023-01-13,010,I,A72048,2023-01-13 14:16:00,2023-01-13 14:46:00,5.505
2023-01-13,010,I,A72085,2023-01-13 14:37:00,2023-01-13 15:06:00,5.505
2023-01-13,010,V,A72048,2023-01-13 14:49:00,2023-01-13 15:19:00,4.902
2023-01-13,010,V,A72085,2023-01-13 15:08:00,2023-01-13 15:36:00,4.902
2023-01-13,010,I,A72048,2023-01-13 15:20:00,2023-01-13 15:45:00,5.505
2023-01-13,010,I,A72085,2023-01-13 15:38:00,2023-01-13 16:12:00,5.505
2023-01-13,010,V,A72048,2023-01-13 15:53:00,2023-01-13 16:16:00,4.902
2023-01-13,010,V,A72085,2023-01-13 16:13:00,2023-01-13 16:39:00,4.902
2023-01-13,010,I,A72048,2023-01-13 16:19:00,2023-01-13 16:54:00,5.505
2023-01-13,010,I,A72085,2023-01-13 16:42:00,2023-01-13 17:08:00,5.505
2023-01-13,010,V,A72048,2023-01-13 16:56:00,2023-01-13 17:24:00,4.902
2023-01-13,010,V,A72085,2023-01-13 17:09:00,2023-01-13 17:34:00,4.902
2023-01-13,010,I,A72048,2023-01-13 17:27:00,2023-01-13 17:58:00,5.505
2023-01-13,010,I,A72085,2023-01-13 17:36:00,2023-01-13 18:05:00,5.505
2023-01-13,010,V,A72048,2023-01-13 18:00:00,2023-01-13 18:22:00,4.902
2023-01-13,010,V,A72085,2023-01-13 18:06:00,2023-01-13 18:39:00,4.902
2023-01-13,010,I,A72048,2023-01-13 18:31:00,2023-01-13 19:03:00,5.505
2023-01-13,010,I,A72085,2023-01-13 18:41:00,2023-01-13 19:11:00,5.505
2023-01-13,010,V,A72048,2023-01-13 19:04:00,2023-01-13 19:30:00,4.902
2023-01-13,010,V,A72085,2023-01-13 19:12:00,2023-01-13 19:41:00,4.902
2023-01-13,010,I,A72048,2023-01-13 19:33:00,2023-01-13 19:53:00,5.505
2023-01-13,010,I,A72085,2023-01-13 19:43:00,2023-01-13 20:02:00,5.505
2023-01-13,010,V,A72048,2023-01-13 19:55:00,2023-01-13 20:19:00,4.902
2023-01-13,010,I,A72048,2023-01-13 20:21:00,2023-01-13 20:43:00,5.505
2023-01-13,010,V,A72048,2023-01-13 20:46:00,2023-01-13 21:09:00,4.902
2023-01-13,010,I,A72048,2023-01-13 21:11:00,2023-01-13 21:35:00,5.505
2023-01-14,010,I,A72085,2023-01-14 06:04:00,2023-01-14 06:22:00,5.505
2023-01-14,010,V,A72085,2023-01-14 06:31:00,2023-01-14 06:57:00,4.902
2023-01-14,010,I,A72085,2023-01-14 07:02:00,2023-01-14 07:18:00,5.505
2023-01-14,010,V,A72085,2023-01-14 07:30:00,2023-01-14 07:57:00,4.902
2023-01-14,010,I,A72085,2023-01-14 08:01:00,2023-01-14 08:18:00,5.505
2023-01-14,010,V,A72085,2023-01-14 08:32:00,2023-01-14 08:58:00,4.902
2023-01-14,010,I,A72085,2023-01-14 09:04:00,2023-01-14 09:30:00,5.505
2023-01-14,010,V,A72085,2023-01-14 09:32:00,2023-01-14 09:59:00,4.902
2023-01-14,010,I,A72085,2023-01-14 10:11:00,2023-01-14 10:32:00,5.505
2023-01-14,010,V,A72085,2023-01-14 10:34:00,2023-01-14 11:00:00,4.902
2023-01-14,010,I,A72085,2023-01-14 11:02:00,2023-01-14 11:26:00,5.505
2023-01-14,010,V,A72085,2023-01-14 11:34:00,2023-01-14 11:54:00,4.902
2023-01-14,010,I,A72085,2023-01-14 12:13:00,2023-01-14 12:39:00,5.505
2023-01-14,010,V,A72085,2023-01-14 12:41:00,2023-01-14 12:59:00,4.902
2023-01-14,010,I,A72085,2023-01-14 13:02:00,2023-01-14 13:27:00,5.505
2023-01-14,010,V,A72085,2023-01-14 13:29:00,2023-01-14 13:57:00,4.902
2023-01-14,010,I,A72085,2023-01-14 14:04:00,2023-01-14 14:34:00,5.505
2023-01-14,010,V,A72085,2023-01-14 14:36:00,2023-01-14 15:05:00,4.902
2023-01-14,010,I,A72085,2023-01-14 15:12:00,2023-01-14 15:34:00,5.505
2023-01-14,010,V,A72085,2023-01-14 15:36:00,2023-01-14 15:55:00,4.902
2023-01-14,010,I,A72085,2023-01-14 15:57:00,2023-01-14 16:18:00,5.505
2023-01-14,010,V,A72085,2023-01-14 16:21:00,2023-01-14 16:47:00,4.902
2023-01-14,010,I,A72085,2023-01-14 16:49:00,2023-01-14 17:09:00,5.505
2023-01-14,010,V,A72085,2023-01-14 17:11:00,2023-01-14 17:37:00,4.902
2023-01-14,010,I,A72085,2023-01-14 17:39:00,2023-01-14 17:58:00,5.505
2023-01-14,010,V,A72085,2023-01-14 18:00:00,2023-01-14 18:23:00,4.902
2023-01-14,010,I,A72085,2023-01-14 18:26:00,2023-01-14 18:46:00,5.505
2023-01-14,010,V,A72085,2023-01-14 18:47:00,2023-01-14 19:12:00,4.902
2023-01-14,010,I,A72085,2023-01-14 20:10:00,2023-01-14 20:27:00,5.505
2023-01-15,010,I,A72085,2023-01-15 06:36:00,2023-01-15 06:52:00,5.505
2023-01-15,010,V,A72085,2023-01-15 06:52:00,2023-01-15 07:04:00,4.902
2023-01-15,010,I,A72085,2023-01-15 07:05:00,2023-01-15 07:19:00,5.505
2023-01-15,010,V,A72085,2023-01-15 07:20:00,2023-01-15 07:55:00,4.902
2023-01-15,010,I,A72085,2023-01-15 08:01:00,2023-01-15 08:17:00,5.505
2023-01-15,010,V,A72085,2023-01-15 08:27:00,2023-01-15 09:02:00,4.902
2023-01-15,010,I,A72085,2023-01-15 09:06:00,2023-01-15 09:24:00,5.505
2023-01-15,010,V,A72085,2023-01-15 09:32:00,2023-01-15 09:52:00,4.902
2023-01-15,010,I,A72085,2023-01-15 10:02:00,2023-01-15 10:19:00,5.505
2023-01-15,010,V,A72085,2023-01-15 10:25:00,2023-01-15 10:49:00,4.902
2023-01-15,010,I,A72085,2023-01-15 10:58:00,2023-01-15 11:13:00,5.505
2023-01-15,010,V,A72085,2023-01-15 11:23:00,2023-01-15 11:46:00,4.902
2023-01-15,010,I,A72085,2023-01-15 11:52:00,2023-01-15 12:17:00,5.505
2023-01-15,010,V,A72085,2023-01-15 12:27:00,2023-01-15 12:48:00,4.902
2023-01-15,010,I,A72085,2023-01-15 12:51:00,2023-01-15 13:10:00,5.505
2023-01-15,010,V,A72085,2023-01-15 13:22:00,2023-01-15 13:55:00,4.902
2023-01-15,010,I,A72085,2023-01-15 13:56:00,2023-01-15 14:16:00,5.505
2023-01-15,010,V,A72085,2023-01-15 14:22:00,2023-01-15 14:48:00,4.902
2023-01-15,010,I,A72085,2023-01-15 14:49:00,2023-01-15 15:09:00,5.505
2023-01-15,010,V,A72085,2023-01-15 15:10:00,2023-01-15 15:40:00,4.902
2023-01-15,010,I,A72085,2023-01-15 15:42:00,2023-01-15 16:05:00,5.505
2023-01-15,010,V,A72085,2023-01-15 16:11:00,2023-01-15 16:38:00,4.902
2023-01-15,010,I,A72085,2023-01-15 16:40:00,2023-01-15 17:00:00,5.505
2023-01-15,010,V,A72085,2023-01-15 17:01:00,2023-01-15 17:43:00,4.902
2023-01-15,010,I,A72085,2023-01-15 17:44:00,2023-01-15 18:08:00,5.505
2023-01-15,010,V,A72085,2023-01-15 18:09:00,2023-01-15 18:49:00,4.902
2023-01-15,010,I,A72085,2023-01-15 18:51:00,2023-01-15 19:14:00,5.505
2023-01-15,010,V,A72085,2023-01-15 19:16:00,2023-01-15 19:38:00,4.902
2023-01-15,010,I,A72085,2023-01-15 19:41:00,2023-01-15 19:59:00,5.505
2023-01-15,010,V,A72085,2023-01-15 20:06:00,2023-01-15 20:28:00,4.902
2023-01-15,010,I,A72085,2023-01-15 20:30:00,2023-01-15 20:53:00,5.505
